Report_ID,Constituent_ID,Fundraiser_ID,Contact_Date,Contact_Type,Contact_Report_Text,Est_Gift_Capacity,Suggested_CRM_Tags,Sentiment_Score,Sentiment_Label
REP_2399,DONOR_1050,O,2024-10-04,Phone Call,Coffee meeting to review annual giving options. Donor asked how AI and data science are being integrated into the curriculum. Would consider a major gift if tied directly to undergraduate research assistantships.,24000,Analytics_PublicHealth,1.0,Positive
REP_2374,DONOR_1087,O,2024-10-06,Event Reception,Virtual catch-up regarding the new Business Analytics fellowship fund. Donor shared their background in healthcare data analytics and wants to sponsor capstone projects focusing on public health resource allocation. Warm interaction overall.,22500,"Analytics_PublicHealth, Scholarships_Fellowships",1.0,Positive
REP_2231,DONOR_1043,O,2024-10-07,Campus Tour,Virtual catch-up regarding the new Business Analytics fellowship fund. Donor shared their background in healthcare data analytics and wants to sponsor capstone projects focusing on public health resource allocation. Warm interaction overall.,22500,"Analytics_PublicHealth, Scholarships_Fellowships",1.0,Positive
REP_2055,DONOR_1040,O,2024-10-10,Coffee Meeting,Virtual call to discuss renewal. Donor cited economic uncertainty and expressed hesitation to commit to a multi-year pledge this fiscal year. Unhappy with lack of personal updates from the college dean.,12000,Analytics_PublicHealth,-1.0,Negative (At Risk)
REP_2437,DONOR_1090,O,2024-10-10,Campus Tour,Difficult meeting at local cafe. Donor expressed frustration over recent event organization and poor communication regarding past gift allocation. Stated they are putting further contributions on hold until receiving an audit of their endowed scholarship fund.,75000,Scholarships_Fellowships,-1.0,Negative (At Risk)
REP_2483,DONOR_1055,O,2024-10-11,In-Person Lunch,Met at alumni event reception. Donor spoke passionately about first-generation student scholarships and leadership development programs. Interested in endowing an annual scholarship for women in STEM.,100000,"Underrepresented_Founders, Scholarships_Fellowships",1.0,Positive
REP_2117,DONOR_1008,O,2024-10-13,Coffee Meeting,Brief phone check-in. Constituent was busy and neutral regarding current campaign priorities. Asked to receive updates via email instead of in-person visits until next spring.,4000,Analytics_PublicHealth,-1.0,Negative (At Risk)
REP_2196,DONOR_1011,O,2024-10-15,Virtual Call,Difficult meeting at local cafe. Donor expressed frustration over recent event organization and poor communication regarding past gift allocation. Stated they are putting further contributions on hold until receiving an audit of their endowed scholarship fund.,40000,Scholarships_Fellowships,-1.0,Negative (At Risk)
REP_2293,DONOR_1047,O,2024-10-17,Virtual Call,Toured the campus innovation hub. Donor was impressed by student prototype displays. Expressed interest in creating a seed grant pool for student-led startups in sustainable beauty and wellness products. Requested a formal proposal for $50k.,60000,"Lassonde_Entrepreneurship, HairCare_Beauty_ConsumerTech, Analytics_PublicHealth",1.0,Positive
REP_2439,DONOR_1084,O,2024-10-17,In-Person Lunch,Difficult meeting at local cafe. Donor expressed frustration over recent event organization and poor communication regarding past gift allocation. Stated they are putting further contributions on hold until receiving an audit of their endowed scholarship fund.,75000,Scholarships_Fellowships,-1.0,Negative (At Risk)
REP_2450,DONOR_1022,O,2024-10-17,Campus Tour,Virtual call to discuss renewal. Donor cited economic uncertainty and expressed hesitation to commit to a multi-year pledge this fiscal year. Unhappy with lack of personal updates from the college dean.,15000,Analytics_PublicHealth,-1.0,Negative (At Risk)
REP_2342,DONOR_1039,O,2024-10-24,In-Person Lunch,"Met to discuss campus capital updates. Donor feels slightly disconnected from the university's recent strategic direction. Not interested in general annual fund, but might consider targeted gifts to student incubators if leadership provides clearer ROI metrics.",15000,"Lassonde_Entrepreneurship, Capital_Facilities",0.33,Positive
REP_2001,DONOR_1081,GO_101,2024-10-26,Phone Call,Met at alumni event reception. Donor spoke passionately about first-generation student scholarships and leadership development programs. Interested in endowing an annual scholarship for women in STEM.,100000,"Underrepresented_Founders, Scholarships_Fellowships",1.0,Positive
REP_2086,DONOR_1025,O,2024-10-26,In-Person Lunch,Coffee meeting to review annual giving options. Donor asked how AI and data science are being integrated into the curriculum. Would consider a major gift if tied directly to undergraduate research assistantships.,45000,Analytics_PublicHealth,1.0,Positive
REP_2074,DONOR_1086,O,2024-10-29,In-Person Lunch,Met at alumni event reception. Donor spoke passionately about first-generation student scholarships and leadership development programs. Interested in endowing an annual scholarship for women in STEM.,100000,"Underrepresented_Founders, Scholarships_Fellowships",1.0,Positive
REP_2331,DONOR_1072,O,2024-10-30,In-Person Lunch,"Met over lunch to discuss student entrepreneurship initiatives. The donor expressed strong interest in supporting Lassonde programs, specifically funding pitch competitions for underrepresented founders and black-owned student startups in hair care and consumer tech. Highly enthusiastic about mentoring undergraduate founders.",30000,"Lassonde_Entrepreneurship, Underrepresented_Founders, HairCare_Beauty_ConsumerTech, Analytics_PublicHealth",1.0,Positive
REP_2230,DONOR_1077,O,2024-10-30,Campus Tour,Met at alumni event reception. Donor spoke passionately about first-generation student scholarships and leadership development programs. Interested in endowing an annual scholarship for women in STEM.,120000,"Underrepresented_Founders, Scholarships_Fellowships",1.0,Positive
REP_2178,DONOR_1021,O,2024-10-30,In-Person Lunch,Phone call to discuss endowed giving. Constituent wants to ensure funding directly benefits diverse student entrepreneurs and underrepresented founders entering local startup accelerators.,16000,"Lassonde_Entrepreneurship, Underrepresented_Founders",0.0,Neutral
REP_2309,DONOR_1065,O,2024-11-01,Campus Tour,Virtual call to discuss renewal. Donor cited economic uncertainty and expressed hesitation to commit to a multi-year pledge this fiscal year. Unhappy with lack of personal updates from the college dean.,22500,Analytics_PublicHealth,-1.0,Negative (At Risk)
REP_2359,DONOR_1018,O,2024-11-02,Event Reception,Toured the campus innovation hub. Donor was impressed by student prototype displays. Expressed interest in creating a seed grant pool for student-led startups in sustainable beauty and wellness products. Requested a formal proposal for $50k.,50000,"Lassonde_Entrepreneurship, HairCare_Beauty_ConsumerTech, Analytics_PublicHealth",1.0,Positive
REP_2003,DONOR_1075,O,2024-11-02,In-Person Lunch,Toured the campus innovation hub. Donor was impressed by student prototype displays. Expressed interest in creating a seed grant pool for student-led startups in sustainable beauty and wellness products. Requested a formal proposal for $50k.,50000,"Lassonde_Entrepreneurship, HairCare_Beauty_ConsumerTech, Analytics_PublicHealth",1.0,Positive
REP_2401,DONOR_1008,O,2024-11-02,Virtual Call,"Met to discuss campus capital updates. Donor feels slightly disconnected from the university's recent strategic direction. Not interested in general annual fund, but might consider targeted gifts to student incubators if leadership provides clearer ROI metrics.",10000,"Lassonde_Entrepreneurship, Capital_Facilities",0.33,Positive
REP_2297,DONOR_1091,O,2024-11-07,Virtual Call,Coffee meeting to review annual giving options. Donor asked how AI and data science are being integrated into the curriculum. Would consider a major gift if tied directly to undergraduate research assistantships.,24000,Analytics_PublicHealth,1.0,Positive
REP_2075,DONOR_1074,O,2024-11-09,In-Person Lunch,Virtual call to discuss renewal. Donor cited economic uncertainty and expressed hesitation to commit to a multi-year pledge this fiscal year. Unhappy with lack of personal updates from the college dean.,22500,Analytics_PublicHealth,-1.0,Negative (At Risk)
REP_2243,DONOR_1009,O,2024-11-13,Coffee Meeting,"Met over lunch to discuss student entrepreneurship initiatives. The donor expressed strong interest in supporting Lassonde programs, specifically funding pitch competitions for underrepresented founders and black-owned student startups in hair care and consumer tech. Highly enthusiastic about mentoring undergraduate founders.",37500,"Lassonde_Entrepreneurship, Underrepresented_Founders, HairCare_Beauty_ConsumerTech, Analytics_PublicHealth",1.0,Positive
REP_2274,DONOR_1092,O,2024-11-14,Coffee Meeting,Phone call to discuss endowed giving. Constituent wants to ensure funding directly benefits diverse student entrepreneurs and underrepresented founders entering local startup accelerators.,20000,"Lassonde_Entrepreneurship, Underrepresented_Founders",0.0,Neutral
REP_2170,DONOR_1029,O,2024-11-14,Virtual Call,Brief phone check-in. Constituent was busy and neutral regarding current campaign priorities. Asked to receive updates via email instead of in-person visits until next spring.,7500,Analytics_PublicHealth,-1.0,Negative (At Risk)
REP_2489,DONOR_1008,O,2024-11-15,Phone Call,Toured the campus innovation hub. Donor was impressed by student prototype displays. Expressed interest in creating a seed grant pool for student-led startups in sustainable beauty and wellness products. Requested a formal proposal for $50k.,40000,"Lassonde_Entrepreneurship, HairCare_Beauty_ConsumerTech, Analytics_PublicHealth",1.0,Positive
REP_2239,DONOR_1067,O,2024-11-16,Campus Tour,"Met to discuss campus capital updates. Donor feels slightly disconnected from the university's recent strategic direction. Not interested in general annual fund, but might consider targeted gifts to student incubators if leadership provides clearer ROI metrics.",8000,"Lassonde_Entrepreneurship, Capital_Facilities",0.33,Positive
REP_2429,DONOR_1040,O,2024-11-16,Event Reception,Coffee meeting to review annual giving options. Donor asked how AI and data science are being integrated into the curriculum. Would consider a major gift if tied directly to undergraduate research assistantships.,30000,Analytics_PublicHealth,1.0,Positive
REP_2351,DONOR_1064,O,2024-11-16,In-Person Lunch,Virtual catch-up regarding the new Business Analytics fellowship fund. Donor shared their background in healthcare data analytics and wants to sponsor capstone projects focusing on public health resource allocation. Warm interaction overall.,18000,"Analytics_PublicHealth, Scholarships_Fellowships",1.0,Positive
REP_2090,DONOR_1089,O,2024-11-21,Event Reception,Coffee meeting to review annual giving options. Donor asked how AI and data science are being integrated into the curriculum. Would consider a major gift if tied directly to undergraduate research assistantships.,24000,Analytics_PublicHealth,1.0,Positive
REP_2106,DONOR_1059,O,2024-11-21,Virtual Call,"Met to discuss campus capital updates. Donor feels slightly disconnected from the university's recent strategic direction. Not interested in general annual fund, but might consider targeted gifts to student incubators if leadership provides clearer ROI metrics.",12000,"Lassonde_Entrepreneurship, Capital_Facilities",0.33,Positive
REP_2159,DONOR_1080,O,2024-11-22,Campus Tour,Met at alumni event reception. Donor spoke passionately about first-generation student scholarships and leadership development programs. Interested in endowing an annual scholarship for women in STEM.,100000,"Underrepresented_Founders, Scholarships_Fellowships",1.0,Positive
REP_2213,DONOR_1022,O,2024-11-23,Campus Tour,"Met to discuss campus capital updates. Donor feels slightly disconnected from the university's recent strategic direction. Not interested in general annual fund, but might consider targeted gifts to student incubators if leadership provides clearer ROI metrics.",8000,"Lassonde_Entrepreneurship, Capital_Facilities",0.33,Positive
REP_2446,DONOR_1070,O,2024-11-27,Phone Call,"Met over lunch to discuss student entrepreneurship initiatives. The donor expressed strong interest in supporting Lassonde programs, specifically funding pitch competitions for underrepresented founders and black-owned student startups in hair care and consumer tech. Highly enthusiastic about mentoring undergraduate founders.",25000,"Lassonde_Entrepreneurship, Underrepresented_Founders, HairCare_Beauty_ConsumerTech, Analytics_PublicHealth",1.0,Positive
REP_2016,DONOR_1087,O,2024-11-27,Campus Tour,"Met over lunch to discuss student entrepreneurship initiatives. The donor expressed strong interest in supporting Lassonde programs, specifically funding pitch competitions for underrepresented founders and black-owned student startups in hair care and consumer tech. Highly enthusiastic about mentoring undergraduate founders.",30000,"Lassonde_Entrepreneurship, Underrepresented_Founders, HairCare_Beauty_ConsumerTech, Analytics_PublicHealth",1.0,Positive
REP_2050,DONOR_1064,O,2024-11-28,Event Reception,Toured the campus innovation hub. Donor was impressed by student prototype displays. Expressed interest in creating a seed grant pool for student-led startups in sustainable beauty and wellness products. Requested a formal proposal for $50k.,50000,"Lassonde_Entrepreneurship, HairCare_Beauty_ConsumerTech, Analytics_PublicHealth",1.0,Positive
REP_2030,DONOR_1039,O,2024-11-29,Campus Tour,Virtual call to discuss renewal. Donor cited economic uncertainty and expressed hesitation to commit to a multi-year pledge this fiscal year. Unhappy with lack of personal updates from the college dean.,12000,Analytics_PublicHealth,-1.0,Negative (At Risk)
REP_2147,DONOR_1018,O,2024-12-01,Campus Tour,Met at alumni event reception. Donor spoke passionately about first-generation student scholarships and leadership development programs. Interested in endowing an annual scholarship for women in STEM.,120000,"Underrepresented_Founders, Scholarships_Fellowships",1.0,Positive
REP_2216,DONOR_1058,O,2024-12-02,Coffee Meeting,"Met to discuss campus capital updates. Donor feels slightly disconnected from the university's recent strategic direction. Not interested in general annual fund, but might consider targeted gifts to student incubators if leadership provides clearer ROI metrics.",15000,"Lassonde_Entrepreneurship, Capital_Facilities",0.33,Positive
REP_2414,DONOR_1038,O,2024-12-02,Event Reception,Virtual call to discuss renewal. Donor cited economic uncertainty and expressed hesitation to commit to a multi-year pledge this fiscal year. Unhappy with lack of personal updates from the college dean.,15000,Analytics_PublicHealth,-1.0,Negative (At Risk)
REP_2206,DONOR_1069,O,2024-12-02,Coffee Meeting,Met at alumni event reception. Donor spoke passionately about first-generation student scholarships and leadership development programs. Interested in endowing an annual scholarship for women in STEM.,100000,"Underrepresented_Founders, Scholarships_Fellowships",1.0,Positive
REP_2394,DONOR_1009,O,2024-12-03,Event Reception,Difficult meeting at local cafe. Donor expressed frustration over recent event organization and poor communication regarding past gift allocation. Stated they are putting further contributions on hold until receiving an audit of their endowed scholarship fund.,50000,Scholarships_Fellowships,-1.0,Negative (At Risk)
REP_2017,DONOR_1051,O,2024-12-07,Campus Tour,Virtual call to discuss renewal. Donor cited economic uncertainty and expressed hesitation to commit to a multi-year pledge this fiscal year. Unhappy with lack of personal updates from the college dean.,18000,Analytics_PublicHealth,-1.0,Negative (At Risk)
REP_2310,DONOR_1004,O,2024-12-08,Campus Tour,Phone call to discuss endowed giving. Constituent wants to ensure funding directly benefits diverse student entrepreneurs and underrepresented founders entering local startup accelerators.,24000,"Lassonde_Entrepreneurship, Underrepresented_Founders",0.0,Neutral
REP_2031,DONOR_1010,O,2024-12-10,Event Reception,Virtual catch-up regarding the new Business Analytics fellowship fund. Donor shared their background in healthcare data analytics and wants to sponsor capstone projects focusing on public health resource allocation. Warm interaction overall.,15000,"Analytics_PublicHealth, Scholarships_Fellowships",1.0,Positive
REP_2073,DONOR_1042,O,2024-12-11,Virtual Call,Phone call to discuss endowed giving. Constituent wants to ensure funding directly benefits diverse student entrepreneurs and underrepresented founders entering local startup accelerators.,30000,"Lassonde_Entrepreneurship, Underrepresented_Founders",0.0,Neutral
REP_2037,DONOR_1004,O,2024-12-12,Event Reception,Coffee meeting to review annual giving options. Donor asked how AI and data science are being integrated into the curriculum. Would consider a major gift if tied directly to undergraduate research assistantships.,36000,Analytics_PublicHealth,1.0,Positive
REP_2137,DONOR_1051,O,2024-12-15,Event Reception,"Met over lunch to discuss student entrepreneurship initiatives. The donor expressed strong interest in supporting Lassonde programs, specifically funding pitch competitions for underrepresented founders and black-owned student startups in hair care and consumer tech. Highly enthusiastic about mentoring undergraduate founders.",25000,"Lassonde_Entrepreneurship, Underrepresented_Founders, HairCare_Beauty_ConsumerTech, Analytics_PublicHealth",1.0,Positive
REP_2308,DONOR_1081,O,2024-12-16,Phone Call,"Met to discuss campus capital updates. Donor feels slightly disconnected from the university's recent strategic direction. Not interested in general annual fund, but might consider targeted gifts to student incubators if leadership provides clearer ROI metrics.",12000,"Lassonde_Entrepreneurship, Capital_Facilities",0.33,Positive
REP_2449,DONOR_1034,O,2024-12-16,Phone Call,Met at alumni event reception. Donor spoke passionately about first-generation student scholarships and leadership development programs. Interested in endowing an annual scholarship for women in STEM.,80000,"Underrepresented_Founders, Scholarships_Fellowships",1.0,Positive
REP_2044,DONOR_1059,O,2024-12-17,Coffee Meeting,Difficult meeting at local cafe. Donor expressed frustration over recent event organization and poor communication regarding past gift allocation. Stated they are putting further contributions on hold until receiving an audit of their endowed scholarship fund.,40000,Scholarships_Fellowships,-1.0,Negative (At Risk)
REP_2249,DONOR_1042,O,2024-12-18,Event Reception,Toured the campus innovation hub. Donor was impressed by student prototype displays. Expressed interest in creating a seed grant pool for student-led startups in sustainable beauty and wellness products. Requested a formal proposal for $50k.,50000,"Lassonde_Entrepreneurship, HairCare_Beauty_ConsumerTech, Analytics_PublicHealth",1.0,Positive
REP_2312,DONOR_1047,O,2024-12-18,Event Reception,Virtual catch-up regarding the new Business Analytics fellowship fund. Donor shared their background in healthcare data analytics and wants to sponsor capstone projects focusing on public health resource allocation. Warm interaction overall.,18000,"Analytics_PublicHealth, Scholarships_Fellowships",1.0,Positive
REP_2451,DONOR_1096,O,2024-12-18,Virtual Call,Virtual catch-up regarding the new Business Analytics fellowship fund. Donor shared their background in healthcare data analytics and wants to sponsor capstone projects focusing on public health resource allocation. Warm interaction overall.,15000,"Analytics_PublicHealth, Scholarships_Fellowships",1.0,Positive
REP_2443,DONOR_1034,O,2024-12-20,Virtual Call,"Met to discuss campus capital updates. Donor feels slightly disconnected from the university's recent strategic direction. Not interested in general annual fund, but might consider targeted gifts to student incubators if leadership provides clearer ROI metrics.",15000,"Lassonde_Entrepreneurship, Capital_Facilities",0.33,Positive
REP_2369,DONOR_1005,O,2024-12-20,Virtual Call,Brief phone check-in. Constituent was busy and neutral regarding current campaign priorities. Asked to receive updates via email instead of in-person visits until next spring.,6000,Analytics_PublicHealth,-1.0,Negative (At Risk)
REP_2458,DONOR_1091,O,2024-12-24,Virtual Call,Virtual catch-up regarding the new Business Analytics fellowship fund. Donor shared their background in healthcare data analytics and wants to sponsor capstone projects focusing on public health resource allocation. Warm interaction overall.,22500,"Analytics_PublicHealth, Scholarships_Fellowships",1.0,Positive
REP_2303,DONOR_1066,O,2024-12-24,Phone Call,"Met to discuss campus capital updates. Donor feels slightly disconnected from the university's recent strategic direction. Not interested in general annual fund, but might consider targeted gifts to student incubators if leadership provides clearer ROI metrics.",8000,"Lassonde_Entrepreneurship, Capital_Facilities",0.33,Positive
REP_2105,DONOR_1075,O,2024-12-25,Phone Call,"Met to discuss campus capital updates. Donor feels slightly disconnected from the university's recent strategic direction. Not interested in general annual fund, but might consider targeted gifts to student incubators if leadership provides clearer ROI metrics.",10000,"Lassonde_Entrepreneurship, Capital_Facilities",0.33,Positive
REP_2260,DONOR_1013,O,2024-12-26,Event Reception,Virtual catch-up regarding the new Business Analytics fellowship fund. Donor shared their background in healthcare data analytics and wants to sponsor capstone projects focusing on public health resource allocation. Warm interaction overall.,12000,"Analytics_PublicHealth, Scholarships_Fellowships",1.0,Positive
REP_2138,DONOR_1019,O,2024-12-27,Campus Tour,Toured the campus innovation hub. Donor was impressed by student prototype displays. Expressed interest in creating a seed grant pool for student-led startups in sustainable beauty and wellness products. Requested a formal proposal for $50k.,75000,"Lassonde_Entrepreneurship, HairCare_Beauty_ConsumerTech, Analytics_PublicHealth",1.0,Positive
REP_2486,DONOR_1037,O,2024-12-27,In-Person Lunch,Virtual catch-up regarding the new Business Analytics fellowship fund. Donor shared their background in healthcare data analytics and wants to sponsor capstone projects focusing on public health resource allocation. Warm interaction overall.,18000,"Analytics_PublicHealth, Scholarships_Fellowships",1.0,Positive
REP_2457,DONOR_1023,O,2024-12-27,Event Reception,Met at alumni event reception. Donor spoke passionately about first-generation student scholarships and leadership development programs. Interested in endowing an annual scholarship for women in STEM.,100000,"Underrepresented_Founders, Scholarships_Fellowships",1.0,Positive
REP_2461,DONOR_1013,O,2024-12-29,Campus Tour,"Met to discuss campus capital updates. Donor feels slightly disconnected from the university's recent strategic direction. Not interested in general annual fund, but might consider targeted gifts to student incubators if leadership provides clearer ROI metrics.",15000,"Lassonde_Entrepreneurship, Capital_Facilities",0.33,Positive
REP_2192,DONOR_1093,O,2025-01-01,Virtual Call,Phone call to discuss endowed giving. Constituent wants to ensure funding directly benefits diverse student entrepreneurs and underrepresented founders entering local startup accelerators.,30000,"Lassonde_Entrepreneurship, Underrepresented_Founders",0.0,Neutral
REP_2021,DONOR_1017,O,2025-01-02,In-Person Lunch,Toured the campus innovation hub. Donor was impressed by student prototype displays. Expressed interest in creating a seed grant pool for student-led startups in sustainable beauty and wellness products. Requested a formal proposal for $50k.,50000,"Lassonde_Entrepreneurship, HairCare_Beauty_ConsumerTech, Analytics_PublicHealth",1.0,Positive
REP_2207,DONOR_1015,O,2025-01-02,Phone Call,Coffee meeting to review annual giving options. Donor asked how AI and data science are being integrated into the curriculum. Would consider a major gift if tied directly to undergraduate research assistantships.,24000,Analytics_PublicHealth,1.0,Positive
REP_2062,DONOR_1032,O,2025-01-03,Phone Call,"Met to discuss campus capital updates. Donor feels slightly disconnected from the university's recent strategic direction. Not interested in general annual fund, but might consider targeted gifts to student incubators if leadership provides clearer ROI metrics.",12000,"Lassonde_Entrepreneurship, Capital_Facilities",0.33,Positive
REP_2421,DONOR_1057,O,2025-01-03,Event Reception,Coffee meeting to review annual giving options. Donor asked how AI and data science are being integrated into the curriculum. Would consider a major gift if tied directly to undergraduate research assistantships.,24000,Analytics_PublicHealth,1.0,Positive
REP_2445,DONOR_1083,O,2025-01-04,Coffee Meeting,"Met to discuss campus capital updates. Donor feels slightly disconnected from the university's recent strategic direction. Not interested in general annual fund, but might consider targeted gifts to student incubators if leadership provides clearer ROI metrics.",15000,"Lassonde_Entrepreneurship, Capital_Facilities",0.33,Positive
REP_2045,DONOR_1006,O,2025-01-04,Campus Tour,Virtual catch-up regarding the new Business Analytics fellowship fund. Donor shared their background in healthcare data analytics and wants to sponsor capstone projects focusing on public health resource allocation. Warm interaction overall.,22500,"Analytics_PublicHealth, Scholarships_Fellowships",1.0,Positive
REP_2085,DONOR_1065,O,2025-01-04,Campus Tour,Met at alumni event reception. Donor spoke passionately about first-generation student scholarships and leadership development programs. Interested in endowing an annual scholarship for women in STEM.,100000,"Underrepresented_Founders, Scholarships_Fellowships",1.0,Positive
REP_2224,DONOR_1011,O,2025-01-04,Coffee Meeting,Toured the campus innovation hub. Donor was impressed by student prototype displays. Expressed interest in creating a seed grant pool for student-led startups in sustainable beauty and wellness products. Requested a formal proposal for $50k.,60000,"Lassonde_Entrepreneurship, HairCare_Beauty_ConsumerTech, Analytics_PublicHealth",1.0,Positive
REP_2222,DONOR_1051,O,2025-01-06,Virtual Call,"Met to discuss campus capital updates. Donor feels slightly disconnected from the university's recent strategic direction. Not interested in general annual fund, but might consider targeted gifts to student incubators if leadership provides clearer ROI metrics.",12000,"Lassonde_Entrepreneurship, Capital_Facilities",0.33,Positive
REP_2488,DONOR_1044,O,2025-01-08,Coffee Meeting,Brief phone check-in. Constituent was busy and neutral regarding current campaign priorities. Asked to receive updates via email instead of in-person visits until next spring.,6000,Analytics_PublicHealth,-1.0,Negative (At Risk)
REP_2339,DONOR_1031,O,2025-01-08,In-Person Lunch,Met at alumni event reception. Donor spoke passionately about first-generation student scholarships and leadership development programs. Interested in endowing an annual scholarship for women in STEM.,150000,"Underrepresented_Founders, Scholarships_Fellowships",1.0,Positive
REP_2220,DONOR_1058,O,2025-01-10,Phone Call,Toured the campus innovation hub. Donor was impressed by student prototype displays. Expressed interest in creating a seed grant pool for student-led startups in sustainable beauty and wellness products. Requested a formal proposal for $50k.,50000,"Lassonde_Entrepreneurship, HairCare_Beauty_ConsumerTech, Analytics_PublicHealth",1.0,Positive
REP_2172,DONOR_1012,O,2025-01-11,Event Reception,Brief phone check-in. Constituent was busy and neutral regarding current campaign priorities. Asked to receive updates via email instead of in-person visits until next spring.,4000,Analytics_PublicHealth,-1.0,Negative (At Risk)
REP_2271,DONOR_1009,O,2025-01-12,Event Reception,Difficult meeting at local cafe. Donor expressed frustration over recent event organization and poor communication regarding past gift allocation. Stated they are putting further contributions on hold until receiving an audit of their endowed scholarship fund.,40000,Scholarships_Fellowships,-1.0,Negative (At Risk)
REP_2002,DONOR_1028,O,2025-01-13,Phone Call,Difficult meeting at local cafe. Donor expressed frustration over recent event organization and poor communication regarding past gift allocation. Stated they are putting further contributions on hold until receiving an audit of their endowed scholarship fund.,40000,Scholarships_Fellowships,-1.0,Negative (At Risk)
REP_2115,DONOR_1075,O,2025-01-13,Phone Call,Met at alumni event reception. Donor spoke passionately about first-generation student scholarships and leadership development programs. Interested in endowing an annual scholarship for women in STEM.,80000,"Underrepresented_Founders, Scholarships_Fellowships",1.0,Positive
REP_2007,DONOR_1097,O,2025-01-13,In-Person Lunch,"Met to discuss campus capital updates. Donor feels slightly disconnected from the university's recent strategic direction. Not interested in general annual fund, but might consider targeted gifts to student incubators if leadership provides clearer ROI metrics.",8000,"Lassonde_Entrepreneurship, Capital_Facilities",0.33,Positive
REP_2462,DONOR_1071,O,2025-01-14,In-Person Lunch,Toured the campus innovation hub. Donor was impressed by student prototype displays. Expressed interest in creating a seed grant pool for student-led startups in sustainable beauty and wellness products. Requested a formal proposal for $50k.,60000,"Lassonde_Entrepreneurship, HairCare_Beauty_ConsumerTech, Analytics_PublicHealth",1.0,Positive
REP_2089,DONOR_1083,O,2025-01-18,Coffee Meeting,Coffee meeting to review annual giving options. Donor asked how AI and data science are being integrated into the curriculum. Would consider a major gift if tied directly to undergraduate research assistantships.,30000,Analytics_PublicHealth,1.0,Positive
REP_2345,DONOR_1068,O,2025-01-19,Coffee Meeting,Virtual catch-up regarding the new Business Analytics fellowship fund. Donor shared their background in healthcare data analytics and wants to sponsor capstone projects focusing on public health resource allocation. Warm interaction overall.,18000,"Analytics_PublicHealth, Scholarships_Fellowships",1.0,Positive
REP_2198,DONOR_1081,O,2025-01-19,Phone Call,Coffee meeting to review annual giving options. Donor asked how AI and data science are being integrated into the curriculum. Would consider a major gift if tied directly to undergraduate research assistantships.,45000,Analytics_PublicHealth,1.0,Positive
REP_2042,DONOR_1051,O,2025-01-20,Campus Tour,Coffee meeting to review annual giving options. Donor asked how AI and data science are being integrated into the curriculum. Would consider a major gift if tied directly to undergraduate research assistantships.,30000,Analytics_PublicHealth,1.0,Positive
REP_2025,DONOR_1098,O,2025-01-23,Virtual Call,"Met to discuss campus capital updates. Donor feels slightly disconnected from the university's recent strategic direction. Not interested in general annual fund, but might consider targeted gifts to student incubators if leadership provides clearer ROI metrics.",10000,"Lassonde_Entrepreneurship, Capital_Facilities",0.33,Positive
REP_2162,DONOR_1011,O,2025-01-25,Coffee Meeting,Toured the campus innovation hub. Donor was impressed by student prototype displays. Expressed interest in creating a seed grant pool for student-led startups in sustainable beauty and wellness products. Requested a formal proposal for $50k.,50000,"Lassonde_Entrepreneurship, HairCare_Beauty_ConsumerTech, Analytics_PublicHealth",1.0,Positive
REP_2496,DONOR_1025,O,2025-01-25,Virtual Call,Brief phone check-in. Constituent was busy and neutral regarding current campaign priorities. Asked to receive updates via email instead of in-person visits until next spring.,6000,Analytics_PublicHealth,-1.0,Negative (At Risk)
REP_2500,DONOR_1030,O,2025-01-28,Campus Tour,Phone call to discuss endowed giving. Constituent wants to ensure funding directly benefits diverse student entrepreneurs and underrepresented founders entering local startup accelerators.,20000,"Lassonde_Entrepreneurship, Underrepresented_Founders",0.0,Neutral
REP_2404,DONOR_1083,O,2025-01-30,Campus Tour,Difficult meeting at local cafe. Donor expressed frustration over recent event organization and poor communication regarding past gift allocation. Stated they are putting further contributions on hold until receiving an audit of their endowed scholarship fund.,75000,Scholarships_Fellowships,-1.0,Negative (At Risk)
REP_2241,DONOR_1037,O,2025-01-31,In-Person Lunch,Brief phone check-in. Constituent was busy and neutral regarding current campaign priorities. Asked to receive updates via email instead of in-person visits until next spring.,7500,Analytics_PublicHealth,-1.0,Negative (At Risk)
REP_2034,DONOR_1066,O,2025-02-01,Campus Tour,Coffee meeting to review annual giving options. Donor asked how AI and data science are being integrated into the curriculum. Would consider a major gift if tied directly to undergraduate research assistantships.,24000,Analytics_PublicHealth,1.0,Positive
REP_2325,DONOR_1016,O,2025-02-10,Coffee Meeting,Difficult meeting at local cafe. Donor expressed frustration over recent event organization and poor communication regarding past gift allocation. Stated they are putting further contributions on hold until receiving an audit of their endowed scholarship fund.,40000,Scholarships_Fellowships,-1.0,Negative (At Risk)
REP_2054,DONOR_1033,O,2025-02-12,Phone Call,Met at alumni event reception. Donor spoke passionately about first-generation student scholarships and leadership development programs. Interested in endowing an annual scholarship for women in STEM.,150000,"Underrepresented_Founders, Scholarships_Fellowships",1.0,Positive
REP_2193,DONOR_1022,O,2025-02-13,Event Reception,Phone call to discuss endowed giving. Constituent wants to ensure funding directly benefits diverse student entrepreneurs and underrepresented founders entering local startup accelerators.,24000,"Lassonde_Entrepreneurship, Underrepresented_Founders",0.0,Neutral
REP_2397,DONOR_1007,O,2025-02-13,Event Reception,"Met to discuss campus capital updates. Donor feels slightly disconnected from the university's recent strategic direction. Not interested in general annual fund, but might consider targeted gifts to student incubators if leadership provides clearer ROI metrics.",15000,"Lassonde_Entrepreneurship, Capital_Facilities",0.33,Positive
REP_2469,DONOR_1058,O,2025-02-16,Virtual Call,"Met over lunch to discuss student entrepreneurship initiatives. The donor expressed strong interest in supporting Lassonde programs, specifically funding pitch competitions for underrepresented founders and black-owned student startups in hair care and consumer tech. Highly enthusiastic about mentoring undergraduate founders.",37500,"Lassonde_Entrepreneurship, Underrepresented_Founders, HairCare_Beauty_ConsumerTech, Analytics_PublicHealth",1.0,Positive
REP_2371,DONOR_1071,O,2025-02-18,In-Person Lunch,Virtual call to discuss renewal. Donor cited economic uncertainty and expressed hesitation to commit to a multi-year pledge this fiscal year. Unhappy with lack of personal updates from the college dean.,15000,Analytics_PublicHealth,-1.0,Negative (At Risk)
REP_2362,DONOR_1094,O,2025-02-19,Event Reception,Coffee meeting to review annual giving options. Donor asked how AI and data science are being integrated into the curriculum. Would consider a major gift if tied directly to undergraduate research assistantships.,36000,Analytics_PublicHealth,1.0,Positive
REP_2477,DONOR_1086,O,2025-02-20,Phone Call,Met at alumni event reception. Donor spoke passionately about first-generation student scholarships and leadership development programs. Interested in endowing an annual scholarship for women in STEM.,100000,"Underrepresented_Founders, Scholarships_Fellowships",1.0,Positive
REP_2043,DONOR_1068,O,2025-02-21,Coffee Meeting,Virtual catch-up regarding the new Business Analytics fellowship fund. Donor shared their background in healthcare data analytics and wants to sponsor capstone projects focusing on public health resource allocation. Warm interaction overall.,18000,"Analytics_PublicHealth, Scholarships_Fellowships",1.0,Positive
REP_2411,DONOR_1096,O,2025-02-21,Event Reception,Met at alumni event reception. Donor spoke passionately about first-generation student scholarships and leadership development programs. Interested in endowing an annual scholarship for women in STEM.,100000,"Underrepresented_Founders, Scholarships_Fellowships",1.0,Positive
REP_2195,DONOR_1059,O,2025-02-22,Campus Tour,"Met to discuss campus capital updates. Donor feels slightly disconnected from the university's recent strategic direction. Not interested in general annual fund, but might consider targeted gifts to student incubators if leadership provides clearer ROI metrics.",12000,"Lassonde_Entrepreneurship, Capital_Facilities",0.33,Positive
REP_2284,DONOR_1012,O,2025-02-27,Campus Tour,"Met over lunch to discuss student entrepreneurship initiatives. The donor expressed strong interest in supporting Lassonde programs, specifically funding pitch competitions for underrepresented founders and black-owned student startups in hair care and consumer tech. Highly enthusiastic about mentoring undergraduate founders.",30000,"Lassonde_Entrepreneurship, Underrepresented_Founders, HairCare_Beauty_ConsumerTech, Analytics_PublicHealth",1.0,Positive
REP_2352,DONOR_1060,O,2025-03-02,Event Reception,Difficult meeting at local cafe. Donor expressed frustration over recent event organization and poor communication regarding past gift allocation. Stated they are putting further contributions on hold until receiving an audit of their endowed scholarship fund.,50000,Scholarships_Fellowships,-1.0,Negative (At Risk)
REP_2254,DONOR_1080,O,2025-03-04,Coffee Meeting,Toured the campus innovation hub. Donor was impressed by student prototype displays. Expressed interest in creating a seed grant pool for student-led startups in sustainable beauty and wellness products. Requested a formal proposal for $50k.,75000,"Lassonde_Entrepreneurship, HairCare_Beauty_ConsumerTech, Analytics_PublicHealth",1.0,Positive
REP_2407,DONOR_1058,O,2025-03-08,Virtual Call,Coffee meeting to review annual giving options. Donor asked how AI and data science are being integrated into the curriculum. Would consider a major gift if tied directly to undergraduate research assistantships.,24000,Analytics_PublicHealth,1.0,Positive
REP_2048,DONOR_1054,O,2025-03-08,Campus Tour,Met at alumni event reception. Donor spoke passionately about first-generation student scholarships and leadership development programs. Interested in endowing an annual scholarship for women in STEM.,100000,"Underrepresented_Founders, Scholarships_Fellowships",1.0,Positive
REP_2142,DONOR_1084,O,2025-03-10,Campus Tour,Virtual catch-up regarding the new Business Analytics fellowship fund. Donor shared their background in healthcare data analytics and wants to sponsor capstone projects focusing on public health resource allocation. Warm interaction overall.,12000,"Analytics_PublicHealth, Scholarships_Fellowships",1.0,Positive
REP_2093,DONOR_1070,O,2025-03-12,Phone Call,Brief phone check-in. Constituent was busy and neutral regarding current campaign priorities. Asked to receive updates via email instead of in-person visits until next spring.,7500,Analytics_PublicHealth,-1.0,Negative (At Risk)
REP_2389,DONOR_1059,O,2025-03-13,Coffee Meeting,Difficult meeting at local cafe. Donor expressed frustration over recent event organization and poor communication regarding past gift allocation. Stated they are putting further contributions on hold until receiving an audit of their endowed scholarship fund.,60000,Scholarships_Fellowships,-1.0,Negative (At Risk)
REP_2280,DONOR_1036,O,2025-03-14,Virtual Call,Brief phone check-in. Constituent was busy and neutral regarding current campaign priorities. Asked to receive updates via email instead of in-person visits until next spring.,5000,Analytics_PublicHealth,-1.0,Negative (At Risk)
REP_2028,DONOR_1019,O,2025-03-15,Event Reception,Difficult meeting at local cafe. Donor expressed frustration over recent event organization and poor communication regarding past gift allocation. Stated they are putting further contributions on hold until receiving an audit of their endowed scholarship fund.,40000,Scholarships_Fellowships,-1.0,Negative (At Risk)
REP_2353,DONOR_1041,O,2025-03-16,Coffee Meeting,Virtual call to discuss renewal. Donor cited economic uncertainty and expressed hesitation to commit to a multi-year pledge this fiscal year. Unhappy with lack of personal updates from the college dean.,18000,Analytics_PublicHealth,-1.0,Negative (At Risk)
REP_2395,DONOR_1073,O,2025-03-18,Virtual Call,Difficult meeting at local cafe. Donor expressed frustration over recent event organization and poor communication regarding past gift allocation. Stated they are putting further contributions on hold until receiving an audit of their endowed scholarship fund.,75000,Scholarships_Fellowships,-1.0,Negative (At Risk)
REP_2306,DONOR_1077,O,2025-03-20,Phone Call,Brief phone check-in. Constituent was busy and neutral regarding current campaign priorities. Asked to receive updates via email instead of in-person visits until next spring.,6000,Analytics_PublicHealth,-1.0,Negative (At Risk)
REP_2434,DONOR_1021,O,2025-03-23,Campus Tour,Difficult meeting at local cafe. Donor expressed frustration over recent event organization and poor communication regarding past gift allocation. Stated they are putting further contributions on hold until receiving an audit of their endowed scholarship fund.,75000,Scholarships_Fellowships,-1.0,Negative (At Risk)
REP_2084,DONOR_1065,O,2025-03-23,Phone Call,Toured the campus innovation hub. Donor was impressed by student prototype displays. Expressed interest in creating a seed grant pool for student-led startups in sustainable beauty and wellness products. Requested a formal proposal for $50k.,60000,"Lassonde_Entrepreneurship, HairCare_Beauty_ConsumerTech, Analytics_PublicHealth",1.0,Positive
REP_2330,DONOR_1075,O,2025-03-25,Phone Call,Virtual call to discuss renewal. Donor cited economic uncertainty and expressed hesitation to commit to a multi-year pledge this fiscal year. Unhappy with lack of personal updates from the college dean.,18000,Analytics_PublicHealth,-1.0,Negative (At Risk)
REP_2211,DONOR_1016,O,2025-03-28,In-Person Lunch,"Met over lunch to discuss student entrepreneurship initiatives. The donor expressed strong interest in supporting Lassonde programs, specifically funding pitch competitions for underrepresented founders and black-owned student startups in hair care and consumer tech. Highly enthusiastic about mentoring undergraduate founders.",25000,"Lassonde_Entrepreneurship, Underrepresented_Founders, HairCare_Beauty_ConsumerTech, Analytics_PublicHealth",1.0,Positive
REP_2377,DONOR_1068,O,2025-03-29,Coffee Meeting,Virtual catch-up regarding the new Business Analytics fellowship fund. Donor shared their background in healthcare data analytics and wants to sponsor capstone projects focusing on public health resource allocation. Warm interaction overall.,12000,"Analytics_PublicHealth, Scholarships_Fellowships",1.0,Positive
REP_2252,DONOR_1097,O,2025-03-31,Phone Call,Brief phone check-in. Constituent was busy and neutral regarding current campaign priorities. Asked to receive updates via email instead of in-person visits until next spring.,7500,Analytics_PublicHealth,-1.0,Negative (At Risk)
REP_2472,DONOR_1061,O,2025-03-31,Coffee Meeting,Phone call to discuss endowed giving. Constituent wants to ensure funding directly benefits diverse student entrepreneurs and underrepresented founders entering local startup accelerators.,24000,"Lassonde_Entrepreneurship, Underrepresented_Founders",0.0,Neutral
REP_2441,DONOR_1002,O,2025-04-02,In-Person Lunch,Toured the campus innovation hub. Donor was impressed by student prototype displays. Expressed interest in creating a seed grant pool for student-led startups in sustainable beauty and wellness products. Requested a formal proposal for $50k.,50000,"Lassonde_Entrepreneurship, HairCare_Beauty_ConsumerTech, Analytics_PublicHealth",1.0,Positive
REP_2273,DONOR_1019,O,2025-04-04,Phone Call,Virtual call to discuss renewal. Donor cited economic uncertainty and expressed hesitation to commit to a multi-year pledge this fiscal year. Unhappy with lack of personal updates from the college dean.,15000,Analytics_PublicHealth,-1.0,Negative (At Risk)
REP_2385,DONOR_1051,O,2025-04-08,Campus Tour,Brief phone check-in. Constituent was busy and neutral regarding current campaign priorities. Asked to receive updates via email instead of in-person visits until next spring.,6000,Analytics_PublicHealth,-1.0,Negative (At Risk)
REP_2378,DONOR_1050,O,2025-04-09,Phone Call,Met at alumni event reception. Donor spoke passionately about first-generation student scholarships and leadership development programs. Interested in endowing an annual scholarship for women in STEM.,80000,"Underrepresented_Founders, Scholarships_Fellowships",1.0,Positive
REP_2291,DONOR_1030,O,2025-04-10,Phone Call,Toured the campus innovation hub. Donor was impressed by student prototype displays. Expressed interest in creating a seed grant pool for student-led startups in sustainable beauty and wellness products. Requested a formal proposal for $50k.,60000,"Lassonde_Entrepreneurship, HairCare_Beauty_ConsumerTech, Analytics_PublicHealth",1.0,Positive
REP_2158,DONOR_1052,O,2025-04-11,Event Reception,Phone call to discuss endowed giving. Constituent wants to ensure funding directly benefits diverse student entrepreneurs and underrepresented founders entering local startup accelerators.,30000,"Lassonde_Entrepreneurship, Underrepresented_Founders",0.0,Neutral
REP_2169,DONOR_1058,O,2025-04-12,Phone Call,Coffee meeting to review annual giving options. Donor asked how AI and data science are being integrated into the curriculum. Would consider a major gift if tied directly to undergraduate research assistantships.,45000,Analytics_PublicHealth,1.0,Positive
REP_2270,DONOR_1098,O,2025-04-15,Campus Tour,Virtual catch-up regarding the new Business Analytics fellowship fund. Donor shared their background in healthcare data analytics and wants to sponsor capstone projects focusing on public health resource allocation. Warm interaction overall.,15000,"Analytics_PublicHealth, Scholarships_Fellowships",1.0,Positive
REP_2276,DONOR_1039,O,2025-04-17,Virtual Call,Virtual call to discuss renewal. Donor cited economic uncertainty and expressed hesitation to commit to a multi-year pledge this fiscal year. Unhappy with lack of personal updates from the college dean.,22500,Analytics_PublicHealth,-1.0,Negative (At Risk)
REP_2431,DONOR_1037,O,2025-04-19,Virtual Call,Coffee meeting to review annual giving options. Donor asked how AI and data science are being integrated into the curriculum. Would consider a major gift if tied directly to undergraduate research assistantships.,45000,Analytics_PublicHealth,1.0,Positive
REP_2350,DONOR_1096,O,2025-04-22,Event Reception,Difficult meeting at local cafe. Donor expressed frustration over recent event organization and poor communication regarding past gift allocation. Stated they are putting further contributions on hold until receiving an audit of their endowed scholarship fund.,75000,Scholarships_Fellowships,-1.0,Negative (At Risk)
REP_2316,DONOR_1088,O,2025-04-23,In-Person Lunch,Virtual catch-up regarding the new Business Analytics fellowship fund. Donor shared their background in healthcare data analytics and wants to sponsor capstone projects focusing on public health resource allocation. Warm interaction overall.,12000,"Analytics_PublicHealth, Scholarships_Fellowships",1.0,Positive
REP_2099,DONOR_1053,O,2025-04-30,Coffee Meeting,"Met to discuss campus capital updates. Donor feels slightly disconnected from the university's recent strategic direction. Not interested in general annual fund, but might consider targeted gifts to student incubators if leadership provides clearer ROI metrics.",8000,"Lassonde_Entrepreneurship, Capital_Facilities",0.33,Positive
REP_2366,DONOR_1038,O,2025-05-01,Phone Call,Brief phone check-in. Constituent was busy and neutral regarding current campaign priorities. Asked to receive updates via email instead of in-person visits until next spring.,6000,Analytics_PublicHealth,-1.0,Negative (At Risk)
REP_2141,DONOR_1078,O,2025-05-01,Phone Call,Coffee meeting to review annual giving options. Donor asked how AI and data science are being integrated into the curriculum. Would consider a major gift if tied directly to undergraduate research assistantships.,36000,Analytics_PublicHealth,1.0,Positive
REP_2013,DONOR_1047,O,2025-05-03,Phone Call,Met at alumni event reception. Donor spoke passionately about first-generation student scholarships and leadership development programs. Interested in endowing an annual scholarship for women in STEM.,80000,"Underrepresented_Founders, Scholarships_Fellowships",1.0,Positive
REP_2046,DONOR_1062,O,2025-05-07,Coffee Meeting,"Met over lunch to discuss student entrepreneurship initiatives. The donor expressed strong interest in supporting Lassonde programs, specifically funding pitch competitions for underrepresented founders and black-owned student startups in hair care and consumer tech. Highly enthusiastic about mentoring undergraduate founders.",25000,"Lassonde_Entrepreneurship, Underrepresented_Founders, HairCare_Beauty_ConsumerTech, Analytics_PublicHealth",1.0,Positive
REP_2494,DONOR_1049,O,2025-05-08,Campus Tour,Met at alumni event reception. Donor spoke passionately about first-generation student scholarships and leadership development programs. Interested in endowing an annual scholarship for women in STEM.,80000,"Underrepresented_Founders, Scholarships_Fellowships",1.0,Positive
REP_2038,DONOR_1085,O,2025-05-08,Event Reception,Virtual catch-up regarding the new Business Analytics fellowship fund. Donor shared their background in healthcare data analytics and wants to sponsor capstone projects focusing on public health resource allocation. Warm interaction overall.,22500,"Analytics_PublicHealth, Scholarships_Fellowships",1.0,Positive
REP_2370,DONOR_1095,O,2025-05-08,Campus Tour,Difficult meeting at local cafe. Donor expressed frustration over recent event organization and poor communication regarding past gift allocation. Stated they are putting further contributions on hold until receiving an audit of their endowed scholarship fund.,60000,Scholarships_Fellowships,-1.0,Negative (At Risk)
REP_2071,DONOR_1004,O,2025-05-16,Campus Tour,Brief phone check-in. Constituent was busy and neutral regarding current campaign priorities. Asked to receive updates via email instead of in-person visits until next spring.,6000,Analytics_PublicHealth,-1.0,Negative (At Risk)
REP_2281,DONOR_1055,O,2025-05-16,Coffee Meeting,Phone call to discuss endowed giving. Constituent wants to ensure funding directly benefits diverse student entrepreneurs and underrepresented founders entering local startup accelerators.,16000,"Lassonde_Entrepreneurship, Underrepresented_Founders",0.0,Neutral
REP_2072,DONOR_1039,O,2025-05-17,In-Person Lunch,Coffee meeting to review annual giving options. Donor asked how AI and data science are being integrated into the curriculum. Would consider a major gift if tied directly to undergraduate research assistantships.,45000,Analytics_PublicHealth,1.0,Positive
REP_2405,DONOR_1067,O,2025-05-17,In-Person Lunch,"Met over lunch to discuss student entrepreneurship initiatives. The donor expressed strong interest in supporting Lassonde programs, specifically funding pitch competitions for underrepresented founders and black-owned student startups in hair care and consumer tech. Highly enthusiastic about mentoring undergraduate founders.",30000,"Lassonde_Entrepreneurship, Underrepresented_Founders, HairCare_Beauty_ConsumerTech, Analytics_PublicHealth",1.0,Positive
REP_2228,DONOR_1019,O,2025-05-18,In-Person Lunch,Phone call to discuss endowed giving. Constituent wants to ensure funding directly benefits diverse student entrepreneurs and underrepresented founders entering local startup accelerators.,24000,"Lassonde_Entrepreneurship, Underrepresented_Founders",0.0,Neutral
REP_2221,DONOR_1055,O,2025-05-22,Coffee Meeting,Phone call to discuss endowed giving. Constituent wants to ensure funding directly benefits diverse student entrepreneurs and underrepresented founders entering local startup accelerators.,30000,"Lassonde_Entrepreneurship, Underrepresented_Founders",0.0,Neutral
REP_2448,DONOR_1067,O,2025-05-24,Campus Tour,Virtual call to discuss renewal. Donor cited economic uncertainty and expressed hesitation to commit to a multi-year pledge this fiscal year. Unhappy with lack of personal updates from the college dean.,22500,Analytics_PublicHealth,-1.0,Negative (At Risk)
REP_2097,DONOR_1017,O,2025-05-25,Coffee Meeting,Virtual catch-up regarding the new Business Analytics fellowship fund. Donor shared their background in healthcare data analytics and wants to sponsor capstone projects focusing on public health resource allocation. Warm interaction overall.,15000,"Analytics_PublicHealth, Scholarships_Fellowships",1.0,Positive
REP_2144,DONOR_1037,O,2025-05-26,Virtual Call,Met at alumni event reception. Donor spoke passionately about first-generation student scholarships and leadership development programs. Interested in endowing an annual scholarship for women in STEM.,150000,"Underrepresented_Founders, Scholarships_Fellowships",1.0,Positive
REP_2182,DONOR_1063,O,2025-05-26,Coffee Meeting,Met at alumni event reception. Donor spoke passionately about first-generation student scholarships and leadership development programs. Interested in endowing an annual scholarship for women in STEM.,150000,"Underrepresented_Founders, Scholarships_Fellowships",1.0,Positive
REP_2176,DONOR_1079,O,2025-05-29,Phone Call,Met at alumni event reception. Donor spoke passionately about first-generation student scholarships and leadership development programs. Interested in endowing an annual scholarship for women in STEM.,100000,"Underrepresented_Founders, Scholarships_Fellowships",1.0,Positive
REP_2205,DONOR_1056,O,2025-05-30,Virtual Call,Toured the campus innovation hub. Donor was impressed by student prototype displays. Expressed interest in creating a seed grant pool for student-led startups in sustainable beauty and wellness products. Requested a formal proposal for $50k.,60000,"Lassonde_Entrepreneurship, HairCare_Beauty_ConsumerTech, Analytics_PublicHealth",1.0,Positive
REP_2320,DONOR_1025,O,2025-05-31,Coffee Meeting,"Met over lunch to discuss student entrepreneurship initiatives. The donor expressed strong interest in supporting Lassonde programs, specifically funding pitch competitions for underrepresented founders and black-owned student startups in hair care and consumer tech. Highly enthusiastic about mentoring undergraduate founders.",30000,"Lassonde_Entrepreneurship, Underrepresented_Founders, HairCare_Beauty_ConsumerTech, Analytics_PublicHealth",1.0,Positive
REP_2186,DONOR_1061,O,2025-05-31,Coffee Meeting,Virtual call to discuss renewal. Donor cited economic uncertainty and expressed hesitation to commit to a multi-year pledge this fiscal year. Unhappy with lack of personal updates from the college dean.,18000,Analytics_PublicHealth,-1.0,Negative (At Risk)
REP_2212,DONOR_1001,O,2025-06-01,Event Reception,Phone call to discuss endowed giving. Constituent wants to ensure funding directly benefits diverse student entrepreneurs and underrepresented founders entering local startup accelerators.,16000,"Lassonde_Entrepreneurship, Underrepresented_Founders",0.0,Neutral
REP_2287,DONOR_1014,O,2025-06-01,Virtual Call,Toured the campus innovation hub. Donor was impressed by student prototype displays. Expressed interest in creating a seed grant pool for student-led startups in sustainable beauty and wellness products. Requested a formal proposal for $50k.,40000,"Lassonde_Entrepreneurship, HairCare_Beauty_ConsumerTech, Analytics_PublicHealth",1.0,Positive
REP_2164,DONOR_1061,O,2025-06-07,Coffee Meeting,Difficult meeting at local cafe. Donor expressed frustration over recent event organization and poor communication regarding past gift allocation. Stated they are putting further contributions on hold until receiving an audit of their endowed scholarship fund.,50000,Scholarships_Fellowships,-1.0,Negative (At Risk)
REP_2208,DONOR_1006,O,2025-06-07,Campus Tour,Virtual call to discuss renewal. Donor cited economic uncertainty and expressed hesitation to commit to a multi-year pledge this fiscal year. Unhappy with lack of personal updates from the college dean.,15000,Analytics_PublicHealth,-1.0,Negative (At Risk)
REP_2247,DONOR_1055,O,2025-06-07,Coffee Meeting,Virtual call to discuss renewal. Donor cited economic uncertainty and expressed hesitation to commit to a multi-year pledge this fiscal year. Unhappy with lack of personal updates from the college dean.,22500,Analytics_PublicHealth,-1.0,Negative (At Risk)
REP_2019,DONOR_1033,O,2025-06-10,Phone Call,Difficult meeting at local cafe. Donor expressed frustration over recent event organization and poor communication regarding past gift allocation. Stated they are putting further contributions on hold until receiving an audit of their endowed scholarship fund.,60000,Scholarships_Fellowships,-1.0,Negative (At Risk)
REP_2110,DONOR_1096,O,2025-06-11,Campus Tour,"Met over lunch to discuss student entrepreneurship initiatives. The donor expressed strong interest in supporting Lassonde programs, specifically funding pitch competitions for underrepresented founders and black-owned student startups in hair care and consumer tech. Highly enthusiastic about mentoring undergraduate founders.",25000,"Lassonde_Entrepreneurship, Underrepresented_Founders, HairCare_Beauty_ConsumerTech, Analytics_PublicHealth",1.0,Positive
REP_2340,DONOR_1078,O,2025-06-12,Campus Tour,Phone call to discuss endowed giving. Constituent wants to ensure funding directly benefits diverse student entrepreneurs and underrepresented founders entering local startup accelerators.,24000,"Lassonde_Entrepreneurship, Underrepresented_Founders",0.0,Neutral
REP_2468,DONOR_1009,O,2025-06-15,Campus Tour,Brief phone check-in. Constituent was busy and neutral regarding current campaign priorities. Asked to receive updates via email instead of in-person visits until next spring.,5000,Analytics_PublicHealth,-1.0,Negative (At Risk)
REP_2136,DONOR_1023,O,2025-06-16,Coffee Meeting,Toured the campus innovation hub. Donor was impressed by student prototype displays. Expressed interest in creating a seed grant pool for student-led startups in sustainable beauty and wellness products. Requested a formal proposal for $50k.,40000,"Lassonde_Entrepreneurship, HairCare_Beauty_ConsumerTech, Analytics_PublicHealth",1.0,Positive
REP_2108,DONOR_1096,O,2025-06-16,In-Person Lunch,Brief phone check-in. Constituent was busy and neutral regarding current campaign priorities. Asked to receive updates via email instead of in-person visits until next spring.,4000,Analytics_PublicHealth,-1.0,Negative (At Risk)
REP_2299,DONOR_1069,O,2025-06-17,In-Person Lunch,Coffee meeting to review annual giving options. Donor asked how AI and data science are being integrated into the curriculum. Would consider a major gift if tied directly to undergraduate research assistantships.,36000,Analytics_PublicHealth,1.0,Positive
REP_2077,DONOR_1049,O,2025-06-18,In-Person Lunch,"Met to discuss campus capital updates. Donor feels slightly disconnected from the university's recent strategic direction. Not interested in general annual fund, but might consider targeted gifts to student incubators if leadership provides clearer ROI metrics.",8000,"Lassonde_Entrepreneurship, Capital_Facilities",0.33,Positive
REP_2420,DONOR_1049,O,2025-06-19,Campus Tour,Phone call to discuss endowed giving. Constituent wants to ensure funding directly benefits diverse student entrepreneurs and underrepresented founders entering local startup accelerators.,16000,"Lassonde_Entrepreneurship, Underrepresented_Founders",0.0,Neutral
REP_2286,DONOR_1010,O,2025-06-20,Campus Tour,Virtual catch-up regarding the new Business Analytics fellowship fund. Donor shared their background in healthcare data analytics and wants to sponsor capstone projects focusing on public health resource allocation. Warm interaction overall.,22500,"Analytics_PublicHealth, Scholarships_Fellowships",1.0,Positive
REP_2251,DONOR_1013,O,2025-06-20,Campus Tour,Virtual catch-up regarding the new Business Analytics fellowship fund. Donor shared their background in healthcare data analytics and wants to sponsor capstone projects focusing on public health resource allocation. Warm interaction overall.,15000,"Analytics_PublicHealth, Scholarships_Fellowships",1.0,Positive
REP_2123,DONOR_1027,O,2025-06-22,Virtual Call,Met at alumni event reception. Donor spoke passionately about first-generation student scholarships and leadership development programs. Interested in endowing an annual scholarship for women in STEM.,120000,"Underrepresented_Founders, Scholarships_Fellowships",1.0,Positive
REP_2053,DONOR_1053,O,2025-06-25,Campus Tour,Phone call to discuss endowed giving. Constituent wants to ensure funding directly benefits diverse student entrepreneurs and underrepresented founders entering local startup accelerators.,20000,"Lassonde_Entrepreneurship, Underrepresented_Founders",0.0,Neutral
REP_2386,DONOR_1031,O,2025-06-25,Coffee Meeting,Coffee meeting to review annual giving options. Donor asked how AI and data science are being integrated into the curriculum. Would consider a major gift if tied directly to undergraduate research assistantships.,45000,Analytics_PublicHealth,1.0,Positive
REP_2026,DONOR_1058,O,2025-06-27,Event Reception,Virtual catch-up regarding the new Business Analytics fellowship fund. Donor shared their background in healthcare data analytics and wants to sponsor capstone projects focusing on public health resource allocation. Warm interaction overall.,12000,"Analytics_PublicHealth, Scholarships_Fellowships",1.0,Positive
REP_2145,DONOR_1009,O,2025-06-28,Phone Call,Virtual call to discuss renewal. Donor cited economic uncertainty and expressed hesitation to commit to a multi-year pledge this fiscal year. Unhappy with lack of personal updates from the college dean.,15000,Analytics_PublicHealth,-1.0,Negative (At Risk)
REP_2357,DONOR_1076,O,2025-06-29,Phone Call,Virtual call to discuss renewal. Donor cited economic uncertainty and expressed hesitation to commit to a multi-year pledge this fiscal year. Unhappy with lack of personal updates from the college dean.,15000,Analytics_PublicHealth,-1.0,Negative (At Risk)
REP_2070,DONOR_1052,O,2025-07-01,Campus Tour,Toured the campus innovation hub. Donor was impressed by student prototype displays. Expressed interest in creating a seed grant pool for student-led startups in sustainable beauty and wellness products. Requested a formal proposal for $50k.,75000,"Lassonde_Entrepreneurship, HairCare_Beauty_ConsumerTech, Analytics_PublicHealth",1.0,Positive
REP_2466,DONOR_1034,O,2025-07-02,Coffee Meeting,Virtual catch-up regarding the new Business Analytics fellowship fund. Donor shared their background in healthcare data analytics and wants to sponsor capstone projects focusing on public health resource allocation. Warm interaction overall.,12000,"Analytics_PublicHealth, Scholarships_Fellowships",1.0,Positive
REP_2015,DONOR_1059,O,2025-07-04,Phone Call,Difficult meeting at local cafe. Donor expressed frustration over recent event organization and poor communication regarding past gift allocation. Stated they are putting further contributions on hold until receiving an audit of their endowed scholarship fund.,50000,Scholarships_Fellowships,-1.0,Negative (At Risk)
REP_2129,DONOR_1045,O,2025-07-05,Virtual Call,Met at alumni event reception. Donor spoke passionately about first-generation student scholarships and leadership development programs. Interested in endowing an annual scholarship for women in STEM.,100000,"Underrepresented_Founders, Scholarships_Fellowships",1.0,Positive
REP_2381,DONOR_1017,O,2025-07-07,Campus Tour,Toured the campus innovation hub. Donor was impressed by student prototype displays. Expressed interest in creating a seed grant pool for student-led startups in sustainable beauty and wellness products. Requested a formal proposal for $50k.,60000,"Lassonde_Entrepreneurship, HairCare_Beauty_ConsumerTech, Analytics_PublicHealth",1.0,Positive
REP_2102,DONOR_1062,O,2025-07-07,Coffee Meeting,Brief phone check-in. Constituent was busy and neutral regarding current campaign priorities. Asked to receive updates via email instead of in-person visits until next spring.,4000,Analytics_PublicHealth,-1.0,Negative (At Risk)
REP_2095,DONOR_1080,O,2025-07-09,Coffee Meeting,Toured the campus innovation hub. Donor was impressed by student prototype displays. Expressed interest in creating a seed grant pool for student-led startups in sustainable beauty and wellness products. Requested a formal proposal for $50k.,60000,"Lassonde_Entrepreneurship, HairCare_Beauty_ConsumerTech, Analytics_PublicHealth",1.0,Positive
REP_2255,DONOR_1056,O,2025-07-09,Event Reception,"Met over lunch to discuss student entrepreneurship initiatives. The donor expressed strong interest in supporting Lassonde programs, specifically funding pitch competitions for underrepresented founders and black-owned student startups in hair care and consumer tech. Highly enthusiastic about mentoring undergraduate founders.",30000,"Lassonde_Entrepreneurship, Underrepresented_Founders, HairCare_Beauty_ConsumerTech, Analytics_PublicHealth",1.0,Positive
REP_2467,DONOR_1021,O,2025-07-10,Coffee Meeting,Met at alumni event reception. Donor spoke passionately about first-generation student scholarships and leadership development programs. Interested in endowing an annual scholarship for women in STEM.,150000,"Underrepresented_Founders, Scholarships_Fellowships",1.0,Positive
REP_2365,DONOR_1024,O,2025-07-13,Event Reception,Met at alumni event reception. Donor spoke passionately about first-generation student scholarships and leadership development programs. Interested in endowing an annual scholarship for women in STEM.,100000,"Underrepresented_Founders, Scholarships_Fellowships",1.0,Positive
REP_2204,DONOR_1078,O,2025-07-14,In-Person Lunch,Phone call to discuss endowed giving. Constituent wants to ensure funding directly benefits diverse student entrepreneurs and underrepresented founders entering local startup accelerators.,20000,"Lassonde_Entrepreneurship, Underrepresented_Founders",0.0,Neutral
REP_2262,DONOR_1046,O,2025-07-17,Coffee Meeting,"Met to discuss campus capital updates. Donor feels slightly disconnected from the university's recent strategic direction. Not interested in general annual fund, but might consider targeted gifts to student incubators if leadership provides clearer ROI metrics.",12000,"Lassonde_Entrepreneurship, Capital_Facilities",0.33,Positive
REP_2257,DONOR_1007,O,2025-07-21,In-Person Lunch,Toured the campus innovation hub. Donor was impressed by student prototype displays. Expressed interest in creating a seed grant pool for student-led startups in sustainable beauty and wellness products. Requested a formal proposal for $50k.,75000,"Lassonde_Entrepreneurship, HairCare_Beauty_ConsumerTech, Analytics_PublicHealth",1.0,Positive
REP_2011,DONOR_1084,O,2025-07-24,In-Person Lunch,Coffee meeting to review annual giving options. Donor asked how AI and data science are being integrated into the curriculum. Would consider a major gift if tied directly to undergraduate research assistantships.,24000,Analytics_PublicHealth,1.0,Positive
REP_2245,DONOR_1090,O,2025-07-24,In-Person Lunch,"Met to discuss campus capital updates. Donor feels slightly disconnected from the university's recent strategic direction. Not interested in general annual fund, but might consider targeted gifts to student incubators if leadership provides clearer ROI metrics.",8000,"Lassonde_Entrepreneurship, Capital_Facilities",0.33,Positive
REP_2290,DONOR_1091,O,2025-07-26,Coffee Meeting,"Met over lunch to discuss student entrepreneurship initiatives. The donor expressed strong interest in supporting Lassonde programs, specifically funding pitch competitions for underrepresented founders and black-owned student startups in hair care and consumer tech. Highly enthusiastic about mentoring undergraduate founders.",30000,"Lassonde_Entrepreneurship, Underrepresented_Founders, HairCare_Beauty_ConsumerTech, Analytics_PublicHealth",1.0,Positive
REP_2187,DONOR_1073,O,2025-07-30,In-Person Lunch,"Met to discuss campus capital updates. Donor feels slightly disconnected from the university's recent strategic direction. Not interested in general annual fund, but might consider targeted gifts to student incubators if leadership provides clearer ROI metrics.",12000,"Lassonde_Entrepreneurship, Capital_Facilities",0.33,Positive
REP_2383,DONOR_1094,O,2025-07-30,Event Reception,Coffee meeting to review annual giving options. Donor asked how AI and data science are being integrated into the curriculum. Would consider a major gift if tied directly to undergraduate research assistantships.,30000,Analytics_PublicHealth,1.0,Positive
REP_2132,DONOR_1012,O,2025-07-31,Campus Tour,Phone call to discuss endowed giving. Constituent wants to ensure funding directly benefits diverse student entrepreneurs and underrepresented founders entering local startup accelerators.,20000,"Lassonde_Entrepreneurship, Underrepresented_Founders",0.0,Neutral
REP_2334,DONOR_1087,O,2025-08-01,Coffee Meeting,Toured the campus innovation hub. Donor was impressed by student prototype displays. Expressed interest in creating a seed grant pool for student-led startups in sustainable beauty and wellness products. Requested a formal proposal for $50k.,40000,"Lassonde_Entrepreneurship, HairCare_Beauty_ConsumerTech, Analytics_PublicHealth",1.0,Positive
REP_2471,DONOR_1083,O,2025-08-04,Virtual Call,Virtual call to discuss renewal. Donor cited economic uncertainty and expressed hesitation to commit to a multi-year pledge this fiscal year. Unhappy with lack of personal updates from the college dean.,15000,Analytics_PublicHealth,-1.0,Negative (At Risk)
REP_2418,DONOR_1030,O,2025-08-04,Phone Call,Virtual catch-up regarding the new Business Analytics fellowship fund. Donor shared their background in healthcare data analytics and wants to sponsor capstone projects focusing on public health resource allocation. Warm interaction overall.,22500,"Analytics_PublicHealth, Scholarships_Fellowships",1.0,Positive
REP_2240,DONOR_1000,O,2025-08-05,Campus Tour,Virtual catch-up regarding the new Business Analytics fellowship fund. Donor shared their background in healthcare data analytics and wants to sponsor capstone projects focusing on public health resource allocation. Warm interaction overall.,18000,"Analytics_PublicHealth, Scholarships_Fellowships",1.0,Positive
REP_2201,DONOR_1005,O,2025-08-08,Coffee Meeting,Toured the campus innovation hub. Donor was impressed by student prototype displays. Expressed interest in creating a seed grant pool for student-led startups in sustainable beauty and wellness products. Requested a formal proposal for $50k.,40000,"Lassonde_Entrepreneurship, HairCare_Beauty_ConsumerTech, Analytics_PublicHealth",1.0,Positive
REP_2326,DONOR_1015,O,2025-08-08,Campus Tour,Virtual catch-up regarding the new Business Analytics fellowship fund. Donor shared their background in healthcare data analytics and wants to sponsor capstone projects focusing on public health resource allocation. Warm interaction overall.,18000,"Analytics_PublicHealth, Scholarships_Fellowships",1.0,Positive
REP_2082,DONOR_1051,O,2025-08-08,Virtual Call,Coffee meeting to review annual giving options. Donor asked how AI and data science are being integrated into the curriculum. Would consider a major gift if tied directly to undergraduate research assistantships.,45000,Analytics_PublicHealth,1.0,Positive
REP_2140,DONOR_1038,O,2025-08-09,Event Reception,Virtual call to discuss renewal. Donor cited economic uncertainty and expressed hesitation to commit to a multi-year pledge this fiscal year. Unhappy with lack of personal updates from the college dean.,12000,Analytics_PublicHealth,-1.0,Negative (At Risk)
REP_2460,DONOR_1011,O,2025-08-12,Coffee Meeting,Phone call to discuss endowed giving. Constituent wants to ensure funding directly benefits diverse student entrepreneurs and underrepresented founders entering local startup accelerators.,24000,"Lassonde_Entrepreneurship, Underrepresented_Founders",0.0,Neutral
REP_2427,DONOR_1059,O,2025-08-12,Virtual Call,Phone call to discuss endowed giving. Constituent wants to ensure funding directly benefits diverse student entrepreneurs and underrepresented founders entering local startup accelerators.,30000,"Lassonde_Entrepreneurship, Underrepresented_Founders",0.0,Neutral
REP_2269,DONOR_1002,O,2025-08-13,Campus Tour,Coffee meeting to review annual giving options. Donor asked how AI and data science are being integrated into the curriculum. Would consider a major gift if tied directly to undergraduate research assistantships.,36000,Analytics_PublicHealth,1.0,Positive
REP_2191,DONOR_1080,O,2025-08-13,Coffee Meeting,"Met over lunch to discuss student entrepreneurship initiatives. The donor expressed strong interest in supporting Lassonde programs, specifically funding pitch competitions for underrepresented founders and black-owned student startups in hair care and consumer tech. Highly enthusiastic about mentoring undergraduate founders.",30000,"Lassonde_Entrepreneurship, Underrepresented_Founders, HairCare_Beauty_ConsumerTech, Analytics_PublicHealth",1.0,Positive
REP_2267,DONOR_1076,O,2025-08-14,Event Reception,"Met to discuss campus capital updates. Donor feels slightly disconnected from the university's recent strategic direction. Not interested in general annual fund, but might consider targeted gifts to student incubators if leadership provides clearer ROI metrics.",12000,"Lassonde_Entrepreneurship, Capital_Facilities",0.33,Positive
REP_2256,DONOR_1064,O,2025-08-14,Coffee Meeting,Brief phone check-in. Constituent was busy and neutral regarding current campaign priorities. Asked to receive updates via email instead of in-person visits until next spring.,4000,Analytics_PublicHealth,-1.0,Negative (At Risk)
REP_2161,DONOR_1090,O,2025-08-15,Event Reception,"Met over lunch to discuss student entrepreneurship initiatives. The donor expressed strong interest in supporting Lassonde programs, specifically funding pitch competitions for underrepresented founders and black-owned student startups in hair care and consumer tech. Highly enthusiastic about mentoring undergraduate founders.",37500,"Lassonde_Entrepreneurship, Underrepresented_Founders, HairCare_Beauty_ConsumerTech, Analytics_PublicHealth",1.0,Positive
REP_2113,DONOR_1099,O,2025-08-15,In-Person Lunch,Virtual call to discuss renewal. Donor cited economic uncertainty and expressed hesitation to commit to a multi-year pledge this fiscal year. Unhappy with lack of personal updates from the college dean.,12000,Analytics_PublicHealth,-1.0,Negative (At Risk)
REP_2033,DONOR_1027,O,2025-08-16,Coffee Meeting,Phone call to discuss endowed giving. Constituent wants to ensure funding directly benefits diverse student entrepreneurs and underrepresented founders entering local startup accelerators.,30000,"Lassonde_Entrepreneurship, Underrepresented_Founders",0.0,Neutral
REP_2336,DONOR_1043,O,2025-08-17,Phone Call,Phone call to discuss endowed giving. Constituent wants to ensure funding directly benefits diverse student entrepreneurs and underrepresented founders entering local startup accelerators.,24000,"Lassonde_Entrepreneurship, Underrepresented_Founders",0.0,Neutral
REP_2049,DONOR_1007,O,2025-08-18,In-Person Lunch,"Met over lunch to discuss student entrepreneurship initiatives. The donor expressed strong interest in supporting Lassonde programs, specifically funding pitch competitions for underrepresented founders and black-owned student startups in hair care and consumer tech. Highly enthusiastic about mentoring undergraduate founders.",37500,"Lassonde_Entrepreneurship, Underrepresented_Founders, HairCare_Beauty_ConsumerTech, Analytics_PublicHealth",1.0,Positive
REP_2360,DONOR_1002,O,2025-08-18,Coffee Meeting,Virtual catch-up regarding the new Business Analytics fellowship fund. Donor shared their background in healthcare data analytics and wants to sponsor capstone projects focusing on public health resource allocation. Warm interaction overall.,22500,"Analytics_PublicHealth, Scholarships_Fellowships",1.0,Positive
REP_2298,DONOR_1025,O,2025-08-20,Virtual Call,Difficult meeting at local cafe. Donor expressed frustration over recent event organization and poor communication regarding past gift allocation. Stated they are putting further contributions on hold until receiving an audit of their endowed scholarship fund.,75000,Scholarships_Fellowships,-1.0,Negative (At Risk)
REP_2130,DONOR_1015,O,2025-08-20,In-Person Lunch,Difficult meeting at local cafe. Donor expressed frustration over recent event organization and poor communication regarding past gift allocation. Stated they are putting further contributions on hold until receiving an audit of their endowed scholarship fund.,50000,Scholarships_Fellowships,-1.0,Negative (At Risk)
REP_2175,DONOR_1042,O,2025-08-21,Phone Call,Brief phone check-in. Constituent was busy and neutral regarding current campaign priorities. Asked to receive updates via email instead of in-person visits until next spring.,4000,Analytics_PublicHealth,-1.0,Negative (At Risk)
REP_2120,DONOR_1055,O,2025-08-27,Campus Tour,Toured the campus innovation hub. Donor was impressed by student prototype displays. Expressed interest in creating a seed grant pool for student-led startups in sustainable beauty and wellness products. Requested a formal proposal for $50k.,60000,"Lassonde_Entrepreneurship, HairCare_Beauty_ConsumerTech, Analytics_PublicHealth",1.0,Positive
REP_2455,DONOR_1077,O,2025-08-31,In-Person Lunch,Met at alumni event reception. Donor spoke passionately about first-generation student scholarships and leadership development programs. Interested in endowing an annual scholarship for women in STEM.,150000,"Underrepresented_Founders, Scholarships_Fellowships",1.0,Positive
REP_2107,DONOR_1027,O,2025-08-31,Virtual Call,"Met to discuss campus capital updates. Donor feels slightly disconnected from the university's recent strategic direction. Not interested in general annual fund, but might consider targeted gifts to student incubators if leadership provides clearer ROI metrics.",12000,"Lassonde_Entrepreneurship, Capital_Facilities",0.33,Positive
REP_2080,DONOR_1085,O,2025-08-31,Coffee Meeting,Met at alumni event reception. Donor spoke passionately about first-generation student scholarships and leadership development programs. Interested in endowing an annual scholarship for women in STEM.,100000,"Underrepresented_Founders, Scholarships_Fellowships",1.0,Positive
REP_2470,DONOR_1042,O,2025-09-03,Coffee Meeting,Phone call to discuss endowed giving. Constituent wants to ensure funding directly benefits diverse student entrepreneurs and underrepresented founders entering local startup accelerators.,30000,"Lassonde_Entrepreneurship, Underrepresented_Founders",0.0,Neutral
REP_2387,DONOR_1096,O,2025-09-03,Virtual Call,Virtual call to discuss renewal. Donor cited economic uncertainty and expressed hesitation to commit to a multi-year pledge this fiscal year. Unhappy with lack of personal updates from the college dean.,12000,Analytics_PublicHealth,-1.0,Negative (At Risk)
REP_2491,DONOR_1070,O,2025-09-04,Event Reception,"Met to discuss campus capital updates. Donor feels slightly disconnected from the university's recent strategic direction. Not interested in general annual fund, but might consider targeted gifts to student incubators if leadership provides clearer ROI metrics.",15000,"Lassonde_Entrepreneurship, Capital_Facilities",0.33,Positive
REP_2424,DONOR_1061,O,2025-09-06,Virtual Call,"Met over lunch to discuss student entrepreneurship initiatives. The donor expressed strong interest in supporting Lassonde programs, specifically funding pitch competitions for underrepresented founders and black-owned student startups in hair care and consumer tech. Highly enthusiastic about mentoring undergraduate founders.",25000,"Lassonde_Entrepreneurship, Underrepresented_Founders, HairCare_Beauty_ConsumerTech, Analytics_PublicHealth",1.0,Positive
REP_2265,DONOR_1032,O,2025-09-07,In-Person Lunch,Virtual call to discuss renewal. Donor cited economic uncertainty and expressed hesitation to commit to a multi-year pledge this fiscal year. Unhappy with lack of personal updates from the college dean.,15000,Analytics_PublicHealth,-1.0,Negative (At Risk)
REP_2154,DONOR_1044,O,2025-09-07,Virtual Call,Toured the campus innovation hub. Donor was impressed by student prototype displays. Expressed interest in creating a seed grant pool for student-led startups in sustainable beauty and wellness products. Requested a formal proposal for $50k.,50000,"Lassonde_Entrepreneurship, HairCare_Beauty_ConsumerTech, Analytics_PublicHealth",1.0,Positive
REP_2063,DONOR_1005,O,2025-09-07,Campus Tour,Met at alumni event reception. Donor spoke passionately about first-generation student scholarships and leadership development programs. Interested in endowing an annual scholarship for women in STEM.,100000,"Underrepresented_Founders, Scholarships_Fellowships",1.0,Positive
REP_2096,DONOR_1030,O,2025-09-09,Virtual Call,Difficult meeting at local cafe. Donor expressed frustration over recent event organization and poor communication regarding past gift allocation. Stated they are putting further contributions on hold until receiving an audit of their endowed scholarship fund.,40000,Scholarships_Fellowships,-1.0,Negative (At Risk)
REP_2174,DONOR_1060,O,2025-09-12,Event Reception,"Met to discuss campus capital updates. Donor feels slightly disconnected from the university's recent strategic direction. Not interested in general annual fund, but might consider targeted gifts to student incubators if leadership provides clearer ROI metrics.",8000,"Lassonde_Entrepreneurship, Capital_Facilities",0.33,Positive
REP_2006,DONOR_1089,O,2025-09-14,Virtual Call,Virtual catch-up regarding the new Business Analytics fellowship fund. Donor shared their background in healthcare data analytics and wants to sponsor capstone projects focusing on public health resource allocation. Warm interaction overall.,15000,"Analytics_PublicHealth, Scholarships_Fellowships",1.0,Positive
REP_2166,DONOR_1035,O,2025-09-14,Event Reception,Met at alumni event reception. Donor spoke passionately about first-generation student scholarships and leadership development programs. Interested in endowing an annual scholarship for women in STEM.,80000,"Underrepresented_Founders, Scholarships_Fellowships",1.0,Positive
REP_2061,DONOR_1077,O,2025-09-17,Campus Tour,Met at alumni event reception. Donor spoke passionately about first-generation student scholarships and leadership development programs. Interested in endowing an annual scholarship for women in STEM.,150000,"Underrepresented_Founders, Scholarships_Fellowships",1.0,Positive
REP_2400,DONOR_1005,O,2025-09-18,Phone Call,Toured the campus innovation hub. Donor was impressed by student prototype displays. Expressed interest in creating a seed grant pool for student-led startups in sustainable beauty and wellness products. Requested a formal proposal for $50k.,40000,"Lassonde_Entrepreneurship, HairCare_Beauty_ConsumerTech, Analytics_PublicHealth",1.0,Positive
REP_2168,DONOR_1057,O,2025-09-19,Virtual Call,Difficult meeting at local cafe. Donor expressed frustration over recent event organization and poor communication regarding past gift allocation. Stated they are putting further contributions on hold until receiving an audit of their endowed scholarship fund.,75000,Scholarships_Fellowships,-1.0,Negative (At Risk)
REP_2485,DONOR_1098,O,2025-09-19,In-Person Lunch,Brief phone check-in. Constituent was busy and neutral regarding current campaign priorities. Asked to receive updates via email instead of in-person visits until next spring.,4000,Analytics_PublicHealth,-1.0,Negative (At Risk)
REP_2184,DONOR_1009,O,2025-09-19,Event Reception,Met at alumni event reception. Donor spoke passionately about first-generation student scholarships and leadership development programs. Interested in endowing an annual scholarship for women in STEM.,150000,"Underrepresented_Founders, Scholarships_Fellowships",1.0,Positive
REP_2327,DONOR_1090,O,2025-09-20,Event Reception,Met at alumni event reception. Donor spoke passionately about first-generation student scholarships and leadership development programs. Interested in endowing an annual scholarship for women in STEM.,80000,"Underrepresented_Founders, Scholarships_Fellowships",1.0,Positive
REP_2116,DONOR_1072,O,2025-09-21,Event Reception,"Met to discuss campus capital updates. Donor feels slightly disconnected from the university's recent strategic direction. Not interested in general annual fund, but might consider targeted gifts to student incubators if leadership provides clearer ROI metrics.",12000,"Lassonde_Entrepreneurship, Capital_Facilities",0.33,Positive
REP_2109,DONOR_1095,O,2025-09-24,Campus Tour,Toured the campus innovation hub. Donor was impressed by student prototype displays. Expressed interest in creating a seed grant pool for student-led startups in sustainable beauty and wellness products. Requested a formal proposal for $50k.,40000,"Lassonde_Entrepreneurship, HairCare_Beauty_ConsumerTech, Analytics_PublicHealth",1.0,Positive
REP_2250,DONOR_1099,O,2025-09-25,Phone Call,Virtual catch-up regarding the new Business Analytics fellowship fund. Donor shared their background in healthcare data analytics and wants to sponsor capstone projects focusing on public health resource allocation. Warm interaction overall.,15000,"Analytics_PublicHealth, Scholarships_Fellowships",1.0,Positive
REP_2227,DONOR_1036,O,2025-09-26,In-Person Lunch,Virtual call to discuss renewal. Donor cited economic uncertainty and expressed hesitation to commit to a multi-year pledge this fiscal year. Unhappy with lack of personal updates from the college dean.,15000,Analytics_PublicHealth,-1.0,Negative (At Risk)
REP_2307,DONOR_1057,O,2025-09-27,Event Reception,"Met to discuss campus capital updates. Donor feels slightly disconnected from the university's recent strategic direction. Not interested in general annual fund, but might consider targeted gifts to student incubators if leadership provides clearer ROI metrics.",12000,"Lassonde_Entrepreneurship, Capital_Facilities",0.33,Positive
REP_2040,DONOR_1084,O,2025-09-28,Coffee Meeting,"Met to discuss campus capital updates. Donor feels slightly disconnected from the university's recent strategic direction. Not interested in general annual fund, but might consider targeted gifts to student incubators if leadership provides clearer ROI metrics.",15000,"Lassonde_Entrepreneurship, Capital_Facilities",0.33,Positive
REP_2456,DONOR_1062,O,2025-09-30,Event Reception,"Met to discuss campus capital updates. Donor feels slightly disconnected from the university's recent strategic direction. Not interested in general annual fund, but might consider targeted gifts to student incubators if leadership provides clearer ROI metrics.",15000,"Lassonde_Entrepreneurship, Capital_Facilities",0.33,Positive
REP_2067,DONOR_1046,O,2025-10-02,Campus Tour,Coffee meeting to review annual giving options. Donor asked how AI and data science are being integrated into the curriculum. Would consider a major gift if tied directly to undergraduate research assistantships.,24000,Analytics_PublicHealth,1.0,Positive
REP_2480,DONOR_1069,O,2025-10-04,Phone Call,Difficult meeting at local cafe. Donor expressed frustration over recent event organization and poor communication regarding past gift allocation. Stated they are putting further contributions on hold until receiving an audit of their endowed scholarship fund.,40000,Scholarships_Fellowships,-1.0,Negative (At Risk)
REP_2319,DONOR_1020,O,2025-10-06,Event Reception,Coffee meeting to review annual giving options. Donor asked how AI and data science are being integrated into the curriculum. Would consider a major gift if tied directly to undergraduate research assistantships.,24000,Analytics_PublicHealth,1.0,Positive
REP_2347,DONOR_1006,O,2025-10-07,Event Reception,Met at alumni event reception. Donor spoke passionately about first-generation student scholarships and leadership development programs. Interested in endowing an annual scholarship for women in STEM.,80000,"Underrepresented_Founders, Scholarships_Fellowships",1.0,Positive
REP_2078,DONOR_1066,O,2025-10-08,Coffee Meeting,Toured the campus innovation hub. Donor was impressed by student prototype displays. Expressed interest in creating a seed grant pool for student-led startups in sustainable beauty and wellness products. Requested a formal proposal for $50k.,60000,"Lassonde_Entrepreneurship, HairCare_Beauty_ConsumerTech, Analytics_PublicHealth",1.0,Positive
REP_2474,DONOR_1035,O,2025-10-09,In-Person Lunch,Virtual call to discuss renewal. Donor cited economic uncertainty and expressed hesitation to commit to a multi-year pledge this fiscal year. Unhappy with lack of personal updates from the college dean.,15000,Analytics_PublicHealth,-1.0,Negative (At Risk)
REP_2112,DONOR_1059,O,2025-10-13,Campus Tour,Virtual call to discuss renewal. Donor cited economic uncertainty and expressed hesitation to commit to a multi-year pledge this fiscal year. Unhappy with lack of personal updates from the college dean.,12000,Analytics_PublicHealth,-1.0,Negative (At Risk)
REP_2057,DONOR_1008,O,2025-10-14,Virtual Call,Virtual catch-up regarding the new Business Analytics fellowship fund. Donor shared their background in healthcare data analytics and wants to sponsor capstone projects focusing on public health resource allocation. Warm interaction overall.,22500,"Analytics_PublicHealth, Scholarships_Fellowships",1.0,Positive
REP_2337,DONOR_1051,O,2025-10-15,Event Reception,Difficult meeting at local cafe. Donor expressed frustration over recent event organization and poor communication regarding past gift allocation. Stated they are putting further contributions on hold until receiving an audit of their endowed scholarship fund.,40000,Scholarships_Fellowships,-1.0,Negative (At Risk)
REP_2279,DONOR_1082,O,2025-10-16,Event Reception,Toured the campus innovation hub. Donor was impressed by student prototype displays. Expressed interest in creating a seed grant pool for student-led startups in sustainable beauty and wellness products. Requested a formal proposal for $50k.,40000,"Lassonde_Entrepreneurship, HairCare_Beauty_ConsumerTech, Analytics_PublicHealth",1.0,Positive
REP_2179,DONOR_1037,O,2025-10-19,Coffee Meeting,Virtual catch-up regarding the new Business Analytics fellowship fund. Donor shared their background in healthcare data analytics and wants to sponsor capstone projects focusing on public health resource allocation. Warm interaction overall.,15000,"Analytics_PublicHealth, Scholarships_Fellowships",1.0,Positive
REP_2223,DONOR_1085,O,2025-10-19,Campus Tour,Brief phone check-in. Constituent was busy and neutral regarding current campaign priorities. Asked to receive updates via email instead of in-person visits until next spring.,4000,Analytics_PublicHealth,-1.0,Negative (At Risk)
REP_2283,DONOR_1049,O,2025-10-19,Campus Tour,"Met over lunch to discuss student entrepreneurship initiatives. The donor expressed strong interest in supporting Lassonde programs, specifically funding pitch competitions for underrepresented founders and black-owned student startups in hair care and consumer tech. Highly enthusiastic about mentoring undergraduate founders.",30000,"Lassonde_Entrepreneurship, Underrepresented_Founders, HairCare_Beauty_ConsumerTech, Analytics_PublicHealth",1.0,Positive
REP_2417,DONOR_1019,O,2025-10-21,Campus Tour,Difficult meeting at local cafe. Donor expressed frustration over recent event organization and poor communication regarding past gift allocation. Stated they are putting further contributions on hold until receiving an audit of their endowed scholarship fund.,75000,Scholarships_Fellowships,-1.0,Negative (At Risk)
REP_2403,DONOR_1048,O,2025-10-22,Coffee Meeting,Toured the campus innovation hub. Donor was impressed by student prototype displays. Expressed interest in creating a seed grant pool for student-led startups in sustainable beauty and wellness products. Requested a formal proposal for $50k.,50000,"Lassonde_Entrepreneurship, HairCare_Beauty_ConsumerTech, Analytics_PublicHealth",1.0,Positive
REP_2009,DONOR_1068,O,2025-10-23,In-Person Lunch,Difficult meeting at local cafe. Donor expressed frustration over recent event organization and poor communication regarding past gift allocation. Stated they are putting further contributions on hold until receiving an audit of their endowed scholarship fund.,60000,Scholarships_Fellowships,-1.0,Negative (At Risk)
REP_2242,DONOR_1022,O,2025-10-25,Event Reception,Coffee meeting to review annual giving options. Donor asked how AI and data science are being integrated into the curriculum. Would consider a major gift if tied directly to undergraduate research assistantships.,36000,Analytics_PublicHealth,1.0,Positive
REP_2219,DONOR_1035,O,2025-10-26,Event Reception,Difficult meeting at local cafe. Donor expressed frustration over recent event organization and poor communication regarding past gift allocation. Stated they are putting further contributions on hold until receiving an audit of their endowed scholarship fund.,60000,Scholarships_Fellowships,-1.0,Negative (At Risk)
REP_2277,DONOR_1059,O,2025-10-27,Event Reception,Difficult meeting at local cafe. Donor expressed frustration over recent event organization and poor communication regarding past gift allocation. Stated they are putting further contributions on hold until receiving an audit of their endowed scholarship fund.,75000,Scholarships_Fellowships,-1.0,Negative (At Risk)
REP_2202,DONOR_1030,O,2025-11-02,Coffee Meeting,Phone call to discuss endowed giving. Constituent wants to ensure funding directly benefits diverse student entrepreneurs and underrepresented founders entering local startup accelerators.,30000,"Lassonde_Entrepreneurship, Underrepresented_Founders",0.0,Neutral
REP_2459,DONOR_1091,O,2025-11-03,Virtual Call,Phone call to discuss endowed giving. Constituent wants to ensure funding directly benefits diverse student entrepreneurs and underrepresented founders entering local startup accelerators.,16000,"Lassonde_Entrepreneurship, Underrepresented_Founders",0.0,Neutral
REP_2047,DONOR_1048,O,2025-11-04,Virtual Call,Brief phone check-in. Constituent was busy and neutral regarding current campaign priorities. Asked to receive updates via email instead of in-person visits until next spring.,6000,Analytics_PublicHealth,-1.0,Negative (At Risk)
REP_2292,DONOR_1008,O,2025-11-04,Coffee Meeting,"Met over lunch to discuss student entrepreneurship initiatives. The donor expressed strong interest in supporting Lassonde programs, specifically funding pitch competitions for underrepresented founders and black-owned student startups in hair care and consumer tech. Highly enthusiastic about mentoring undergraduate founders.",37500,"Lassonde_Entrepreneurship, Underrepresented_Founders, HairCare_Beauty_ConsumerTech, Analytics_PublicHealth",1.0,Positive
REP_2349,DONOR_1016,O,2025-11-08,Virtual Call,Phone call to discuss endowed giving. Constituent wants to ensure funding directly benefits diverse student entrepreneurs and underrepresented founders entering local startup accelerators.,24000,"Lassonde_Entrepreneurship, Underrepresented_Founders",0.0,Neutral
REP_2368,DONOR_1015,O,2025-11-09,Virtual Call,Virtual catch-up regarding the new Business Analytics fellowship fund. Donor shared their background in healthcare data analytics and wants to sponsor capstone projects focusing on public health resource allocation. Warm interaction overall.,18000,"Analytics_PublicHealth, Scholarships_Fellowships",1.0,Positive
REP_2282,DONOR_1053,O,2025-11-10,Event Reception,Phone call to discuss endowed giving. Constituent wants to ensure funding directly benefits diverse student entrepreneurs and underrepresented founders entering local startup accelerators.,20000,"Lassonde_Entrepreneurship, Underrepresented_Founders",0.0,Neutral
REP_2248,DONOR_1067,O,2025-11-10,Virtual Call,Phone call to discuss endowed giving. Constituent wants to ensure funding directly benefits diverse student entrepreneurs and underrepresented founders entering local startup accelerators.,20000,"Lassonde_Entrepreneurship, Underrepresented_Founders",0.0,Neutral
REP_2018,DONOR_1027,O,2025-11-10,Phone Call,Brief phone check-in. Constituent was busy and neutral regarding current campaign priorities. Asked to receive updates via email instead of in-person visits until next spring.,5000,Analytics_PublicHealth,-1.0,Negative (At Risk)
REP_2114,DONOR_1039,O,2025-11-11,Phone Call,Coffee meeting to review annual giving options. Donor asked how AI and data science are being integrated into the curriculum. Would consider a major gift if tied directly to undergraduate research assistantships.,24000,Analytics_PublicHealth,1.0,Positive
REP_2322,DONOR_1008,O,2025-11-12,Phone Call,Brief phone check-in. Constituent was busy and neutral regarding current campaign priorities. Asked to receive updates via email instead of in-person visits until next spring.,7500,Analytics_PublicHealth,-1.0,Negative (At Risk)
REP_2301,DONOR_1047,O,2025-11-14,Phone Call,Brief phone check-in. Constituent was busy and neutral regarding current campaign priorities. Asked to receive updates via email instead of in-person visits until next spring.,7500,Analytics_PublicHealth,-1.0,Negative (At Risk)
REP_2410,DONOR_1031,O,2025-11-16,Coffee Meeting,Coffee meeting to review annual giving options. Donor asked how AI and data science are being integrated into the curriculum. Would consider a major gift if tied directly to undergraduate research assistantships.,30000,Analytics_PublicHealth,1.0,Positive
REP_2346,DONOR_1093,O,2025-11-17,Virtual Call,"Met over lunch to discuss student entrepreneurship initiatives. The donor expressed strong interest in supporting Lassonde programs, specifically funding pitch competitions for underrepresented founders and black-owned student startups in hair care and consumer tech. Highly enthusiastic about mentoring undergraduate founders.",37500,"Lassonde_Entrepreneurship, Underrepresented_Founders, HairCare_Beauty_ConsumerTech, Analytics_PublicHealth",1.0,Positive
REP_2157,DONOR_1041,O,2025-11-18,Event Reception,"Met over lunch to discuss student entrepreneurship initiatives. The donor expressed strong interest in supporting Lassonde programs, specifically funding pitch competitions for underrepresented founders and black-owned student startups in hair care and consumer tech. Highly enthusiastic about mentoring undergraduate founders.",37500,"Lassonde_Entrepreneurship, Underrepresented_Founders, HairCare_Beauty_ConsumerTech, Analytics_PublicHealth",1.0,Positive
REP_2039,DONOR_1031,O,2025-11-21,Campus Tour,Toured the campus innovation hub. Donor was impressed by student prototype displays. Expressed interest in creating a seed grant pool for student-led startups in sustainable beauty and wellness products. Requested a formal proposal for $50k.,40000,"Lassonde_Entrepreneurship, HairCare_Beauty_ConsumerTech, Analytics_PublicHealth",1.0,Positive
REP_2098,DONOR_1008,O,2025-11-22,Virtual Call,Difficult meeting at local cafe. Donor expressed frustration over recent event organization and poor communication regarding past gift allocation. Stated they are putting further contributions on hold until receiving an audit of their endowed scholarship fund.,75000,Scholarships_Fellowships,-1.0,Negative (At Risk)
REP_2143,DONOR_1020,O,2025-11-23,Coffee Meeting,Virtual call to discuss renewal. Donor cited economic uncertainty and expressed hesitation to commit to a multi-year pledge this fiscal year. Unhappy with lack of personal updates from the college dean.,22500,Analytics_PublicHealth,-1.0,Negative (At Risk)
REP_2173,DONOR_1092,O,2025-11-24,Phone Call,Virtual catch-up regarding the new Business Analytics fellowship fund. Donor shared their background in healthcare data analytics and wants to sponsor capstone projects focusing on public health resource allocation. Warm interaction overall.,12000,"Analytics_PublicHealth, Scholarships_Fellowships",1.0,Positive
REP_2226,DONOR_1085,O,2025-11-25,Virtual Call,"Met to discuss campus capital updates. Donor feels slightly disconnected from the university's recent strategic direction. Not interested in general annual fund, but might consider targeted gifts to student incubators if leadership provides clearer ROI metrics.",8000,"Lassonde_Entrepreneurship, Capital_Facilities",0.33,Positive
REP_2361,DONOR_1088,O,2025-11-25,Event Reception,Virtual call to discuss renewal. Donor cited economic uncertainty and expressed hesitation to commit to a multi-year pledge this fiscal year. Unhappy with lack of personal updates from the college dean.,22500,Analytics_PublicHealth,-1.0,Negative (At Risk)
REP_2436,DONOR_1097,O,2025-11-27,Campus Tour,Coffee meeting to review annual giving options. Donor asked how AI and data science are being integrated into the curriculum. Would consider a major gift if tied directly to undergraduate research assistantships.,24000,Analytics_PublicHealth,1.0,Positive
REP_2069,DONOR_1020,O,2025-11-27,In-Person Lunch,Virtual catch-up regarding the new Business Analytics fellowship fund. Donor shared their background in healthcare data analytics and wants to sponsor capstone projects focusing on public health resource allocation. Warm interaction overall.,18000,"Analytics_PublicHealth, Scholarships_Fellowships",1.0,Positive
REP_2373,DONOR_1006,O,2025-11-28,Virtual Call,Brief phone check-in. Constituent was busy and neutral regarding current campaign priorities. Asked to receive updates via email instead of in-person visits until next spring.,4000,Analytics_PublicHealth,-1.0,Negative (At Risk)
REP_2464,DONOR_1001,O,2025-11-28,Coffee Meeting,Toured the campus innovation hub. Donor was impressed by student prototype displays. Expressed interest in creating a seed grant pool for student-led startups in sustainable beauty and wellness products. Requested a formal proposal for $50k.,50000,"Lassonde_Entrepreneurship, HairCare_Beauty_ConsumerTech, Analytics_PublicHealth",1.0,Positive
REP_2203,DONOR_1075,O,2025-11-29,Phone Call,Toured the campus innovation hub. Donor was impressed by student prototype displays. Expressed interest in creating a seed grant pool for student-led startups in sustainable beauty and wellness products. Requested a formal proposal for $50k.,75000,"Lassonde_Entrepreneurship, HairCare_Beauty_ConsumerTech, Analytics_PublicHealth",1.0,Positive
REP_2335,DONOR_1020,O,2025-11-30,Coffee Meeting,Brief phone check-in. Constituent was busy and neutral regarding current campaign priorities. Asked to receive updates via email instead of in-person visits until next spring.,5000,Analytics_PublicHealth,-1.0,Negative (At Risk)
REP_2419,DONOR_1007,O,2025-12-01,Event Reception,Difficult meeting at local cafe. Donor expressed frustration over recent event organization and poor communication regarding past gift allocation. Stated they are putting further contributions on hold until receiving an audit of their endowed scholarship fund.,50000,Scholarships_Fellowships,-1.0,Negative (At Risk)
REP_2356,DONOR_1086,O,2025-12-01,Event Reception,Met at alumni event reception. Donor spoke passionately about first-generation student scholarships and leadership development programs. Interested in endowing an annual scholarship for women in STEM.,80000,"Underrepresented_Founders, Scholarships_Fellowships",1.0,Positive
REP_2101,DONOR_1096,O,2025-12-04,Event Reception,Difficult meeting at local cafe. Donor expressed frustration over recent event organization and poor communication regarding past gift allocation. Stated they are putting further contributions on hold until receiving an audit of their endowed scholarship fund.,50000,Scholarships_Fellowships,-1.0,Negative (At Risk)
REP_2478,DONOR_1032,O,2025-12-08,Coffee Meeting,Toured the campus innovation hub. Donor was impressed by student prototype displays. Expressed interest in creating a seed grant pool for student-led startups in sustainable beauty and wellness products. Requested a formal proposal for $50k.,75000,"Lassonde_Entrepreneurship, HairCare_Beauty_ConsumerTech, Analytics_PublicHealth",1.0,Positive
REP_2128,DONOR_1060,O,2025-12-10,Phone Call,Difficult meeting at local cafe. Donor expressed frustration over recent event organization and poor communication regarding past gift allocation. Stated they are putting further contributions on hold until receiving an audit of their endowed scholarship fund.,60000,Scholarships_Fellowships,-1.0,Negative (At Risk)
REP_2384,DONOR_1078,O,2025-12-12,Event Reception,Phone call to discuss endowed giving. Constituent wants to ensure funding directly benefits diverse student entrepreneurs and underrepresented founders entering local startup accelerators.,16000,"Lassonde_Entrepreneurship, Underrepresented_Founders",0.0,Neutral
REP_2066,DONOR_1047,O,2025-12-15,Campus Tour,"Met over lunch to discuss student entrepreneurship initiatives. The donor expressed strong interest in supporting Lassonde programs, specifically funding pitch competitions for underrepresented founders and black-owned student startups in hair care and consumer tech. Highly enthusiastic about mentoring undergraduate founders.",30000,"Lassonde_Entrepreneurship, Underrepresented_Founders, HairCare_Beauty_ConsumerTech, Analytics_PublicHealth",1.0,Positive
REP_2447,DONOR_1010,O,2025-12-19,Phone Call,Phone call to discuss endowed giving. Constituent wants to ensure funding directly benefits diverse student entrepreneurs and underrepresented founders entering local startup accelerators.,16000,"Lassonde_Entrepreneurship, Underrepresented_Founders",0.0,Neutral
REP_2177,DONOR_1095,O,2025-12-19,In-Person Lunch,Toured the campus innovation hub. Donor was impressed by student prototype displays. Expressed interest in creating a seed grant pool for student-led startups in sustainable beauty and wellness products. Requested a formal proposal for $50k.,75000,"Lassonde_Entrepreneurship, HairCare_Beauty_ConsumerTech, Analytics_PublicHealth",1.0,Positive
REP_2076,DONOR_1044,O,2025-12-21,Event Reception,Difficult meeting at local cafe. Donor expressed frustration over recent event organization and poor communication regarding past gift allocation. Stated they are putting further contributions on hold until receiving an audit of their endowed scholarship fund.,40000,Scholarships_Fellowships,-1.0,Negative (At Risk)
REP_2454,DONOR_1006,O,2025-12-22,Campus Tour,Toured the campus innovation hub. Donor was impressed by student prototype displays. Expressed interest in creating a seed grant pool for student-led startups in sustainable beauty and wellness products. Requested a formal proposal for $50k.,60000,"Lassonde_Entrepreneurship, HairCare_Beauty_ConsumerTech, Analytics_PublicHealth",1.0,Positive
REP_2149,DONOR_1034,O,2025-12-23,In-Person Lunch,Virtual call to discuss renewal. Donor cited economic uncertainty and expressed hesitation to commit to a multi-year pledge this fiscal year. Unhappy with lack of personal updates from the college dean.,12000,Analytics_PublicHealth,-1.0,Negative (At Risk)
REP_2476,DONOR_1090,O,2025-12-23,Virtual Call,Toured the campus innovation hub. Donor was impressed by student prototype displays. Expressed interest in creating a seed grant pool for student-led startups in sustainable beauty and wellness products. Requested a formal proposal for $50k.,75000,"Lassonde_Entrepreneurship, HairCare_Beauty_ConsumerTech, Analytics_PublicHealth",1.0,Positive
REP_2261,DONOR_1031,O,2025-12-24,Event Reception,Difficult meeting at local cafe. Donor expressed frustration over recent event organization and poor communication regarding past gift allocation. Stated they are putting further contributions on hold until receiving an audit of their endowed scholarship fund.,50000,Scholarships_Fellowships,-1.0,Negative (At Risk)
REP_2317,DONOR_1057,O,2025-12-30,In-Person Lunch,Phone call to discuss endowed giving. Constituent wants to ensure funding directly benefits diverse student entrepreneurs and underrepresented founders entering local startup accelerators.,24000,"Lassonde_Entrepreneurship, Underrepresented_Founders",0.0,Neutral
REP_2315,DONOR_1033,O,2025-12-31,Campus Tour,Virtual call to discuss renewal. Donor cited economic uncertainty and expressed hesitation to commit to a multi-year pledge this fiscal year. Unhappy with lack of personal updates from the college dean.,18000,Analytics_PublicHealth,-1.0,Negative (At Risk)
REP_2484,DONOR_1065,O,2025-12-31,Virtual Call,"Met to discuss campus capital updates. Donor feels slightly disconnected from the university's recent strategic direction. Not interested in general annual fund, but might consider targeted gifts to student incubators if leadership provides clearer ROI metrics.",15000,"Lassonde_Entrepreneurship, Capital_Facilities",0.33,Positive
REP_2126,DONOR_1082,O,2026-01-02,In-Person Lunch,Toured the campus innovation hub. Donor was impressed by student prototype displays. Expressed interest in creating a seed grant pool for student-led startups in sustainable beauty and wellness products. Requested a formal proposal for $50k.,60000,"Lassonde_Entrepreneurship, HairCare_Beauty_ConsumerTech, Analytics_PublicHealth",1.0,Positive
REP_2275,DONOR_1056,O,2026-01-03,Campus Tour,Difficult meeting at local cafe. Donor expressed frustration over recent event organization and poor communication regarding past gift allocation. Stated they are putting further contributions on hold until receiving an audit of their endowed scholarship fund.,50000,Scholarships_Fellowships,-1.0,Negative (At Risk)
REP_2258,DONOR_1059,O,2026-01-04,Event Reception,Coffee meeting to review annual giving options. Donor asked how AI and data science are being integrated into the curriculum. Would consider a major gift if tied directly to undergraduate research assistantships.,36000,Analytics_PublicHealth,1.0,Positive
REP_2324,DONOR_1082,O,2026-01-04,Coffee Meeting,Difficult meeting at local cafe. Donor expressed frustration over recent event organization and poor communication regarding past gift allocation. Stated they are putting further contributions on hold until receiving an audit of their endowed scholarship fund.,60000,Scholarships_Fellowships,-1.0,Negative (At Risk)
REP_2012,DONOR_1048,O,2026-01-08,Phone Call,Phone call to discuss endowed giving. Constituent wants to ensure funding directly benefits diverse student entrepreneurs and underrepresented founders entering local startup accelerators.,20000,"Lassonde_Entrepreneurship, Underrepresented_Founders",0.0,Neutral
REP_2233,DONOR_1048,O,2026-01-08,Virtual Call,Virtual catch-up regarding the new Business Analytics fellowship fund. Donor shared their background in healthcare data analytics and wants to sponsor capstone projects focusing on public health resource allocation. Warm interaction overall.,18000,"Analytics_PublicHealth, Scholarships_Fellowships",1.0,Positive
REP_2156,DONOR_1097,O,2026-01-09,In-Person Lunch,Phone call to discuss endowed giving. Constituent wants to ensure funding directly benefits diverse student entrepreneurs and underrepresented founders entering local startup accelerators.,24000,"Lassonde_Entrepreneurship, Underrepresented_Founders",0.0,Neutral
REP_2087,DONOR_1078,O,2026-01-10,Coffee Meeting,Virtual call to discuss renewal. Donor cited economic uncertainty and expressed hesitation to commit to a multi-year pledge this fiscal year. Unhappy with lack of personal updates from the college dean.,15000,Analytics_PublicHealth,-1.0,Negative (At Risk)
REP_2487,DONOR_1039,O,2026-01-10,Campus Tour,Difficult meeting at local cafe. Donor expressed frustration over recent event organization and poor communication regarding past gift allocation. Stated they are putting further contributions on hold until receiving an audit of their endowed scholarship fund.,75000,Scholarships_Fellowships,-1.0,Negative (At Risk)
REP_2185,DONOR_1088,O,2026-01-11,Virtual Call,Coffee meeting to review annual giving options. Donor asked how AI and data science are being integrated into the curriculum. Would consider a major gift if tied directly to undergraduate research assistantships.,45000,Analytics_PublicHealth,1.0,Positive
REP_2498,DONOR_1044,O,2026-01-12,Event Reception,Virtual catch-up regarding the new Business Analytics fellowship fund. Donor shared their background in healthcare data analytics and wants to sponsor capstone projects focusing on public health resource allocation. Warm interaction overall.,18000,"Analytics_PublicHealth, Scholarships_Fellowships",1.0,Positive
REP_2121,DONOR_1057,O,2026-01-19,Event Reception,Virtual call to discuss renewal. Donor cited economic uncertainty and expressed hesitation to commit to a multi-year pledge this fiscal year. Unhappy with lack of personal updates from the college dean.,22500,Analytics_PublicHealth,-1.0,Negative (At Risk)
REP_2091,DONOR_1058,O,2026-01-19,Phone Call,Difficult meeting at local cafe. Donor expressed frustration over recent event organization and poor communication regarding past gift allocation. Stated they are putting further contributions on hold until receiving an audit of their endowed scholarship fund.,60000,Scholarships_Fellowships,-1.0,Negative (At Risk)
REP_2083,DONOR_1074,O,2026-01-20,Coffee Meeting,Brief phone check-in. Constituent was busy and neutral regarding current campaign priorities. Asked to receive updates via email instead of in-person visits until next spring.,5000,Analytics_PublicHealth,-1.0,Negative (At Risk)
REP_2183,DONOR_1032,O,2026-01-20,Virtual Call,Difficult meeting at local cafe. Donor expressed frustration over recent event organization and poor communication regarding past gift allocation. Stated they are putting further contributions on hold until receiving an audit of their endowed scholarship fund.,50000,Scholarships_Fellowships,-1.0,Negative (At Risk)
REP_2338,DONOR_1040,O,2026-01-21,In-Person Lunch,Met at alumni event reception. Donor spoke passionately about first-generation student scholarships and leadership development programs. Interested in endowing an annual scholarship for women in STEM.,150000,"Underrepresented_Founders, Scholarships_Fellowships",1.0,Positive
REP_2321,DONOR_1070,O,2026-01-22,Event Reception,Virtual catch-up regarding the new Business Analytics fellowship fund. Donor shared their background in healthcare data analytics and wants to sponsor capstone projects focusing on public health resource allocation. Warm interaction overall.,12000,"Analytics_PublicHealth, Scholarships_Fellowships",1.0,Positive
REP_2148,DONOR_1056,O,2026-01-23,Phone Call,Met at alumni event reception. Donor spoke passionately about first-generation student scholarships and leadership development programs. Interested in endowing an annual scholarship for women in STEM.,150000,"Underrepresented_Founders, Scholarships_Fellowships",1.0,Positive
REP_2135,DONOR_1001,O,2026-01-24,Coffee Meeting,Brief phone check-in. Constituent was busy and neutral regarding current campaign priorities. Asked to receive updates via email instead of in-person visits until next spring.,6000,Analytics_PublicHealth,-1.0,Negative (At Risk)
REP_2428,DONOR_1059,O,2026-01-24,Virtual Call,Coffee meeting to review annual giving options. Donor asked how AI and data science are being integrated into the curriculum. Would consider a major gift if tied directly to undergraduate research assistantships.,36000,Analytics_PublicHealth,1.0,Positive
REP_2285,DONOR_1060,O,2026-01-24,Coffee Meeting,Virtual call to discuss renewal. Donor cited economic uncertainty and expressed hesitation to commit to a multi-year pledge this fiscal year. Unhappy with lack of personal updates from the college dean.,12000,Analytics_PublicHealth,-1.0,Negative (At Risk)
REP_2152,DONOR_1097,O,2026-01-25,Event Reception,Brief phone check-in. Constituent was busy and neutral regarding current campaign priorities. Asked to receive updates via email instead of in-person visits until next spring.,6000,Analytics_PublicHealth,-1.0,Negative (At Risk)
REP_2111,DONOR_1030,O,2026-01-28,Phone Call,Toured the campus innovation hub. Donor was impressed by student prototype displays. Expressed interest in creating a seed grant pool for student-led startups in sustainable beauty and wellness products. Requested a formal proposal for $50k.,50000,"Lassonde_Entrepreneurship, HairCare_Beauty_ConsumerTech, Analytics_PublicHealth",1.0,Positive
REP_2355,DONOR_1090,O,2026-01-30,In-Person Lunch,Phone call to discuss endowed giving. Constituent wants to ensure funding directly benefits diverse student entrepreneurs and underrepresented founders entering local startup accelerators.,24000,"Lassonde_Entrepreneurship, Underrepresented_Founders",0.0,Neutral
REP_2214,DONOR_1095,O,2026-01-31,Coffee Meeting,Phone call to discuss endowed giving. Constituent wants to ensure funding directly benefits diverse student entrepreneurs and underrepresented founders entering local startup accelerators.,16000,"Lassonde_Entrepreneurship, Underrepresented_Founders",0.0,Neutral
REP_2100,DONOR_1097,O,2026-02-01,In-Person Lunch,Phone call to discuss endowed giving. Constituent wants to ensure funding directly benefits diverse student entrepreneurs and underrepresented founders entering local startup accelerators.,24000,"Lassonde_Entrepreneurship, Underrepresented_Founders",0.0,Neutral
REP_2375,DONOR_1083,O,2026-02-01,Phone Call,Coffee meeting to review annual giving options. Donor asked how AI and data science are being integrated into the curriculum. Would consider a major gift if tied directly to undergraduate research assistantships.,36000,Analytics_PublicHealth,1.0,Positive
REP_2391,DONOR_1028,O,2026-02-02,Campus Tour,Brief phone check-in. Constituent was busy and neutral regarding current campaign priorities. Asked to receive updates via email instead of in-person visits until next spring.,6000,Analytics_PublicHealth,-1.0,Negative (At Risk)
REP_2425,DONOR_1024,O,2026-02-03,Campus Tour,Virtual call to discuss renewal. Donor cited economic uncertainty and expressed hesitation to commit to a multi-year pledge this fiscal year. Unhappy with lack of personal updates from the college dean.,15000,Analytics_PublicHealth,-1.0,Negative (At Risk)
REP_2194,DONOR_1021,O,2026-02-06,Virtual Call,Phone call to discuss endowed giving. Constituent wants to ensure funding directly benefits diverse student entrepreneurs and underrepresented founders entering local startup accelerators.,16000,"Lassonde_Entrepreneurship, Underrepresented_Founders",0.0,Neutral
REP_2131,DONOR_1024,O,2026-02-08,Virtual Call,Virtual call to discuss renewal. Donor cited economic uncertainty and expressed hesitation to commit to a multi-year pledge this fiscal year. Unhappy with lack of personal updates from the college dean.,18000,Analytics_PublicHealth,-1.0,Negative (At Risk)
REP_2160,DONOR_1036,O,2026-02-09,In-Person Lunch,"Met over lunch to discuss student entrepreneurship initiatives. The donor expressed strong interest in supporting Lassonde programs, specifically funding pitch competitions for underrepresented founders and black-owned student startups in hair care and consumer tech. Highly enthusiastic about mentoring undergraduate founders.",25000,"Lassonde_Entrepreneurship, Underrepresented_Founders, HairCare_Beauty_ConsumerTech, Analytics_PublicHealth",1.0,Positive
REP_2236,DONOR_1056,O,2026-02-10,Event Reception,Brief phone check-in. Constituent was busy and neutral regarding current campaign priorities. Asked to receive updates via email instead of in-person visits until next spring.,7500,Analytics_PublicHealth,-1.0,Negative (At Risk)
REP_2125,DONOR_1092,O,2026-02-13,Event Reception,Coffee meeting to review annual giving options. Donor asked how AI and data science are being integrated into the curriculum. Would consider a major gift if tied directly to undergraduate research assistantships.,45000,Analytics_PublicHealth,1.0,Positive
REP_2029,DONOR_1076,O,2026-02-13,In-Person Lunch,Toured the campus innovation hub. Donor was impressed by student prototype displays. Expressed interest in creating a seed grant pool for student-led startups in sustainable beauty and wellness products. Requested a formal proposal for $50k.,60000,"Lassonde_Entrepreneurship, HairCare_Beauty_ConsumerTech, Analytics_PublicHealth",1.0,Positive
REP_2217,DONOR_1087,O,2026-02-15,Phone Call,Brief phone check-in. Constituent was busy and neutral regarding current campaign priorities. Asked to receive updates via email instead of in-person visits until next spring.,4000,Analytics_PublicHealth,-1.0,Negative (At Risk)
REP_2088,DONOR_1091,O,2026-02-19,Coffee Meeting,Coffee meeting to review annual giving options. Donor asked how AI and data science are being integrated into the curriculum. Would consider a major gift if tied directly to undergraduate research assistantships.,30000,Analytics_PublicHealth,1.0,Positive
REP_2122,DONOR_1043,O,2026-02-19,Virtual Call,Virtual catch-up regarding the new Business Analytics fellowship fund. Donor shared their background in healthcare data analytics and wants to sponsor capstone projects focusing on public health resource allocation. Warm interaction overall.,22500,"Analytics_PublicHealth, Scholarships_Fellowships",1.0,Positive
REP_2171,DONOR_1049,O,2026-02-20,In-Person Lunch,Virtual catch-up regarding the new Business Analytics fellowship fund. Donor shared their background in healthcare data analytics and wants to sponsor capstone projects focusing on public health resource allocation. Warm interaction overall.,18000,"Analytics_PublicHealth, Scholarships_Fellowships",1.0,Positive
REP_2302,DONOR_1043,O,2026-02-21,Phone Call,Brief phone check-in. Constituent was busy and neutral regarding current campaign priorities. Asked to receive updates via email instead of in-person visits until next spring.,6000,Analytics_PublicHealth,-1.0,Negative (At Risk)
REP_2341,DONOR_1024,O,2026-02-23,Event Reception,Brief phone check-in. Constituent was busy and neutral regarding current campaign priorities. Asked to receive updates via email instead of in-person visits until next spring.,7500,Analytics_PublicHealth,-1.0,Negative (At Risk)
REP_2432,DONOR_1072,O,2026-02-24,Event Reception,Phone call to discuss endowed giving. Constituent wants to ensure funding directly benefits diverse student entrepreneurs and underrepresented founders entering local startup accelerators.,24000,"Lassonde_Entrepreneurship, Underrepresented_Founders",0.0,Neutral
REP_2314,DONOR_1003,O,2026-02-24,Event Reception,"Met to discuss campus capital updates. Donor feels slightly disconnected from the university's recent strategic direction. Not interested in general annual fund, but might consider targeted gifts to student incubators if leadership provides clearer ROI metrics.",8000,"Lassonde_Entrepreneurship, Capital_Facilities",0.33,Positive
REP_2259,DONOR_1077,O,2026-02-26,Campus Tour,"Met over lunch to discuss student entrepreneurship initiatives. The donor expressed strong interest in supporting Lassonde programs, specifically funding pitch competitions for underrepresented founders and black-owned student startups in hair care and consumer tech. Highly enthusiastic about mentoring undergraduate founders.",37500,"Lassonde_Entrepreneurship, Underrepresented_Founders, HairCare_Beauty_ConsumerTech, Analytics_PublicHealth",1.0,Positive
REP_2056,DONOR_1009,O,2026-03-03,Virtual Call,Virtual catch-up regarding the new Business Analytics fellowship fund. Donor shared their background in healthcare data analytics and wants to sponsor capstone projects focusing on public health resource allocation. Warm interaction overall.,18000,"Analytics_PublicHealth, Scholarships_Fellowships",1.0,Positive
REP_2354,DONOR_1075,O,2026-03-04,Event Reception,Difficult meeting at local cafe. Donor expressed frustration over recent event organization and poor communication regarding past gift allocation. Stated they are putting further contributions on hold until receiving an audit of their endowed scholarship fund.,75000,Scholarships_Fellowships,-1.0,Negative (At Risk)
REP_2163,DONOR_1063,O,2026-03-06,Phone Call,Met at alumni event reception. Donor spoke passionately about first-generation student scholarships and leadership development programs. Interested in endowing an annual scholarship for women in STEM.,150000,"Underrepresented_Founders, Scholarships_Fellowships",1.0,Positive
REP_2237,DONOR_1034,O,2026-03-09,In-Person Lunch,Phone call to discuss endowed giving. Constituent wants to ensure funding directly benefits diverse student entrepreneurs and underrepresented founders entering local startup accelerators.,30000,"Lassonde_Entrepreneurship, Underrepresented_Founders",0.0,Neutral
REP_2124,DONOR_1071,O,2026-03-14,Campus Tour,Toured the campus innovation hub. Donor was impressed by student prototype displays. Expressed interest in creating a seed grant pool for student-led startups in sustainable beauty and wellness products. Requested a formal proposal for $50k.,50000,"Lassonde_Entrepreneurship, HairCare_Beauty_ConsumerTech, Analytics_PublicHealth",1.0,Positive
REP_2139,DONOR_1077,O,2026-03-20,Coffee Meeting,Brief phone check-in. Constituent was busy and neutral regarding current campaign priorities. Asked to receive updates via email instead of in-person visits until next spring.,7500,Analytics_PublicHealth,-1.0,Negative (At Risk)
REP_2435,DONOR_1023,O,2026-03-21,In-Person Lunch,Toured the campus innovation hub. Donor was impressed by student prototype displays. Expressed interest in creating a seed grant pool for student-led startups in sustainable beauty and wellness products. Requested a formal proposal for $50k.,40000,"Lassonde_Entrepreneurship, HairCare_Beauty_ConsumerTech, Analytics_PublicHealth",1.0,Positive
REP_2416,DONOR_1082,O,2026-03-22,Virtual Call,"Met to discuss campus capital updates. Donor feels slightly disconnected from the university's recent strategic direction. Not interested in general annual fund, but might consider targeted gifts to student incubators if leadership provides clearer ROI metrics.",15000,"Lassonde_Entrepreneurship, Capital_Facilities",0.33,Positive
REP_2363,DONOR_1084,O,2026-03-23,Coffee Meeting,Phone call to discuss endowed giving. Constituent wants to ensure funding directly benefits diverse student entrepreneurs and underrepresented founders entering local startup accelerators.,20000,"Lassonde_Entrepreneurship, Underrepresented_Founders",0.0,Neutral
REP_2393,DONOR_1087,O,2026-03-23,Coffee Meeting,Difficult meeting at local cafe. Donor expressed frustration over recent event organization and poor communication regarding past gift allocation. Stated they are putting further contributions on hold until receiving an audit of their endowed scholarship fund.,60000,Scholarships_Fellowships,-1.0,Negative (At Risk)
REP_2440,DONOR_1001,O,2026-03-27,Phone Call,Met at alumni event reception. Donor spoke passionately about first-generation student scholarships and leadership development programs. Interested in endowing an annual scholarship for women in STEM.,120000,"Underrepresented_Founders, Scholarships_Fellowships",1.0,Positive
REP_2406,DONOR_1059,O,2026-03-29,Coffee Meeting,Coffee meeting to review annual giving options. Donor asked how AI and data science are being integrated into the curriculum. Would consider a major gift if tied directly to undergraduate research assistantships.,30000,Analytics_PublicHealth,1.0,Positive
REP_2014,DONOR_1077,O,2026-03-31,Phone Call,Coffee meeting to review annual giving options. Donor asked how AI and data science are being integrated into the curriculum. Would consider a major gift if tied directly to undergraduate research assistantships.,30000,Analytics_PublicHealth,1.0,Positive
REP_2133,DONOR_1038,O,2026-03-31,Campus Tour,Met at alumni event reception. Donor spoke passionately about first-generation student scholarships and leadership development programs. Interested in endowing an annual scholarship for women in STEM.,80000,"Underrepresented_Founders, Scholarships_Fellowships",1.0,Positive
REP_2495,DONOR_1073,O,2026-04-03,Campus Tour,Phone call to discuss endowed giving. Constituent wants to ensure funding directly benefits diverse student entrepreneurs and underrepresented founders entering local startup accelerators.,24000,"Lassonde_Entrepreneurship, Underrepresented_Founders",0.0,Neutral
REP_2392,DONOR_1053,O,2026-04-04,Phone Call,Coffee meeting to review annual giving options. Donor asked how AI and data science are being integrated into the curriculum. Would consider a major gift if tied directly to undergraduate research assistantships.,30000,Analytics_PublicHealth,1.0,Positive
REP_2146,DONOR_1054,O,2026-04-11,Campus Tour,Virtual catch-up regarding the new Business Analytics fellowship fund. Donor shared their background in healthcare data analytics and wants to sponsor capstone projects focusing on public health resource allocation. Warm interaction overall.,18000,"Analytics_PublicHealth, Scholarships_Fellowships",1.0,Positive
REP_2304,DONOR_1055,O,2026-04-12,Virtual Call,Phone call to discuss endowed giving. Constituent wants to ensure funding directly benefits diverse student entrepreneurs and underrepresented founders entering local startup accelerators.,16000,"Lassonde_Entrepreneurship, Underrepresented_Founders",0.0,Neutral
REP_2364,DONOR_1058,O,2026-04-13,Virtual Call,Met at alumni event reception. Donor spoke passionately about first-generation student scholarships and leadership development programs. Interested in endowing an annual scholarship for women in STEM.,150000,"Underrepresented_Founders, Scholarships_Fellowships",1.0,Positive
REP_2295,DONOR_1005,O,2026-04-13,Virtual Call,Virtual catch-up regarding the new Business Analytics fellowship fund. Donor shared their background in healthcare data analytics and wants to sponsor capstone projects focusing on public health resource allocation. Warm interaction overall.,22500,"Analytics_PublicHealth, Scholarships_Fellowships",1.0,Positive
REP_2032,DONOR_1084,O,2026-04-16,Campus Tour,Met at alumni event reception. Donor spoke passionately about first-generation student scholarships and leadership development programs. Interested in endowing an annual scholarship for women in STEM.,150000,"Underrepresented_Founders, Scholarships_Fellowships",1.0,Positive
REP_2348,DONOR_1049,O,2026-04-17,Virtual Call,Virtual call to discuss renewal. Donor cited economic uncertainty and expressed hesitation to commit to a multi-year pledge this fiscal year. Unhappy with lack of personal updates from the college dean.,12000,Analytics_PublicHealth,-1.0,Negative (At Risk)
REP_2318,DONOR_1090,O,2026-04-17,Event Reception,Met at alumni event reception. Donor spoke passionately about first-generation student scholarships and leadership development programs. Interested in endowing an annual scholarship for women in STEM.,120000,"Underrepresented_Founders, Scholarships_Fellowships",1.0,Positive
REP_2064,DONOR_1094,O,2026-04-18,Phone Call,"Met to discuss campus capital updates. Donor feels slightly disconnected from the university's recent strategic direction. Not interested in general annual fund, but might consider targeted gifts to student incubators if leadership provides clearer ROI metrics.",8000,"Lassonde_Entrepreneurship, Capital_Facilities",0.33,Positive
REP_2426,DONOR_1050,O,2026-04-19,Virtual Call,Met at alumni event reception. Donor spoke passionately about first-generation student scholarships and leadership development programs. Interested in endowing an annual scholarship for women in STEM.,150000,"Underrepresented_Founders, Scholarships_Fellowships",1.0,Positive
REP_2430,DONOR_1002,O,2026-04-20,Event Reception,Virtual call to discuss renewal. Donor cited economic uncertainty and expressed hesitation to commit to a multi-year pledge this fiscal year. Unhappy with lack of personal updates from the college dean.,22500,Analytics_PublicHealth,-1.0,Negative (At Risk)
REP_2060,DONOR_1014,O,2026-04-20,Campus Tour,Met at alumni event reception. Donor spoke passionately about first-generation student scholarships and leadership development programs. Interested in endowing an annual scholarship for women in STEM.,120000,"Underrepresented_Founders, Scholarships_Fellowships",1.0,Positive
REP_2415,DONOR_1080,O,2026-04-23,Coffee Meeting,"Met over lunch to discuss student entrepreneurship initiatives. The donor expressed strong interest in supporting Lassonde programs, specifically funding pitch competitions for underrepresented founders and black-owned student startups in hair care and consumer tech. Highly enthusiastic about mentoring undergraduate founders.",30000,"Lassonde_Entrepreneurship, Underrepresented_Founders, HairCare_Beauty_ConsumerTech, Analytics_PublicHealth",1.0,Positive
REP_2264,DONOR_1042,O,2026-04-25,Phone Call,"Met to discuss campus capital updates. Donor feels slightly disconnected from the university's recent strategic direction. Not interested in general annual fund, but might consider targeted gifts to student incubators if leadership provides clearer ROI metrics.",12000,"Lassonde_Entrepreneurship, Capital_Facilities",0.33,Positive
REP_2398,DONOR_1072,O,2026-04-26,Coffee Meeting,Met at alumni event reception. Donor spoke passionately about first-generation student scholarships and leadership development programs. Interested in endowing an annual scholarship for women in STEM.,80000,"Underrepresented_Founders, Scholarships_Fellowships",1.0,Positive
REP_2367,DONOR_1061,O,2026-04-27,Phone Call,Met at alumni event reception. Donor spoke passionately about first-generation student scholarships and leadership development programs. Interested in endowing an annual scholarship for women in STEM.,120000,"Underrepresented_Founders, Scholarships_Fellowships",1.0,Positive
REP_2004,DONOR_1029,O,2026-04-28,Campus Tour,Difficult meeting at local cafe. Donor expressed frustration over recent event organization and poor communication regarding past gift allocation. Stated they are putting further contributions on hold until receiving an audit of their endowed scholarship fund.,75000,Scholarships_Fellowships,-1.0,Negative (At Risk)
REP_2482,DONOR_1082,O,2026-04-30,Phone Call,"Met to discuss campus capital updates. Donor feels slightly disconnected from the university's recent strategic direction. Not interested in general annual fund, but might consider targeted gifts to student incubators if leadership provides clearer ROI metrics.",12000,"Lassonde_Entrepreneurship, Capital_Facilities",0.33,Positive
REP_2180,DONOR_1067,O,2026-05-03,Phone Call,Virtual catch-up regarding the new Business Analytics fellowship fund. Donor shared their background in healthcare data analytics and wants to sponsor capstone projects focusing on public health resource allocation. Warm interaction overall.,15000,"Analytics_PublicHealth, Scholarships_Fellowships",1.0,Positive
REP_2234,DONOR_1039,O,2026-05-05,Event Reception,Toured the campus innovation hub. Donor was impressed by student prototype displays. Expressed interest in creating a seed grant pool for student-led startups in sustainable beauty and wellness products. Requested a formal proposal for $50k.,40000,"Lassonde_Entrepreneurship, HairCare_Beauty_ConsumerTech, Analytics_PublicHealth",1.0,Positive
REP_2379,DONOR_1001,O,2026-05-05,Event Reception,Toured the campus innovation hub. Donor was impressed by student prototype displays. Expressed interest in creating a seed grant pool for student-led startups in sustainable beauty and wellness products. Requested a formal proposal for $50k.,60000,"Lassonde_Entrepreneurship, HairCare_Beauty_ConsumerTech, Analytics_PublicHealth",1.0,Positive
REP_2332,DONOR_1083,O,2026-05-09,Coffee Meeting,Virtual call to discuss renewal. Donor cited economic uncertainty and expressed hesitation to commit to a multi-year pledge this fiscal year. Unhappy with lack of personal updates from the college dean.,12000,Analytics_PublicHealth,-1.0,Negative (At Risk)
REP_2229,DONOR_1014,O,2026-05-11,Campus Tour,"Met to discuss campus capital updates. Donor feels slightly disconnected from the university's recent strategic direction. Not interested in general annual fund, but might consider targeted gifts to student incubators if leadership provides clearer ROI metrics.",8000,"Lassonde_Entrepreneurship, Capital_Facilities",0.33,Positive
REP_2323,DONOR_1098,O,2026-05-12,In-Person Lunch,Virtual catch-up regarding the new Business Analytics fellowship fund. Donor shared their background in healthcare data analytics and wants to sponsor capstone projects focusing on public health resource allocation. Warm interaction overall.,18000,"Analytics_PublicHealth, Scholarships_Fellowships",1.0,Positive
REP_2473,DONOR_1094,O,2026-05-13,Campus Tour,Phone call to discuss endowed giving. Constituent wants to ensure funding directly benefits diverse student entrepreneurs and underrepresented founders entering local startup accelerators.,30000,"Lassonde_Entrepreneurship, Underrepresented_Founders",0.0,Neutral
REP_2244,DONOR_1009,O,2026-05-13,Coffee Meeting,Virtual call to discuss renewal. Donor cited economic uncertainty and expressed hesitation to commit to a multi-year pledge this fiscal year. Unhappy with lack of personal updates from the college dean.,22500,Analytics_PublicHealth,-1.0,Negative (At Risk)
REP_2412,DONOR_1093,O,2026-05-15,Event Reception,Phone call to discuss endowed giving. Constituent wants to ensure funding directly benefits diverse student entrepreneurs and underrepresented founders entering local startup accelerators.,20000,"Lassonde_Entrepreneurship, Underrepresented_Founders",0.0,Neutral
REP_2010,DONOR_1080,O,2026-05-15,Campus Tour,Toured the campus innovation hub. Donor was impressed by student prototype displays. Expressed interest in creating a seed grant pool for student-led startups in sustainable beauty and wellness products. Requested a formal proposal for $50k.,40000,"Lassonde_Entrepreneurship, HairCare_Beauty_ConsumerTech, Analytics_PublicHealth",1.0,Positive
REP_2052,DONOR_1072,O,2026-05-16,Event Reception,"Met over lunch to discuss student entrepreneurship initiatives. The donor expressed strong interest in supporting Lassonde programs, specifically funding pitch competitions for underrepresented founders and black-owned student startups in hair care and consumer tech. Highly enthusiastic about mentoring undergraduate founders.",20000,"Lassonde_Entrepreneurship, Underrepresented_Founders, HairCare_Beauty_ConsumerTech, Analytics_PublicHealth",1.0,Positive
REP_2294,DONOR_1030,O,2026-05-19,Phone Call,Phone call to discuss endowed giving. Constituent wants to ensure funding directly benefits diverse student entrepreneurs and underrepresented founders entering local startup accelerators.,20000,"Lassonde_Entrepreneurship, Underrepresented_Founders",0.0,Neutral
REP_2479,DONOR_1076,O,2026-05-20,Coffee Meeting,Difficult meeting at local cafe. Donor expressed frustration over recent event organization and poor communication regarding past gift allocation. Stated they are putting further contributions on hold until receiving an audit of their endowed scholarship fund.,75000,Scholarships_Fellowships,-1.0,Negative (At Risk)
REP_2396,DONOR_1014,O,2026-05-21,Coffee Meeting,Toured the campus innovation hub. Donor was impressed by student prototype displays. Expressed interest in creating a seed grant pool for student-led startups in sustainable beauty and wellness products. Requested a formal proposal for $50k.,75000,"Lassonde_Entrepreneurship, HairCare_Beauty_ConsumerTech, Analytics_PublicHealth",1.0,Positive
REP_2020,DONOR_1095,O,2026-05-21,Coffee Meeting,Phone call to discuss endowed giving. Constituent wants to ensure funding directly benefits diverse student entrepreneurs and underrepresented founders entering local startup accelerators.,20000,"Lassonde_Entrepreneurship, Underrepresented_Founders",0.0,Neutral
REP_2343,DONOR_1030,O,2026-05-21,Virtual Call,"Met over lunch to discuss student entrepreneurship initiatives. The donor expressed strong interest in supporting Lassonde programs, specifically funding pitch competitions for underrepresented founders and black-owned student startups in hair care and consumer tech. Highly enthusiastic about mentoring undergraduate founders.",20000,"Lassonde_Entrepreneurship, Underrepresented_Founders, HairCare_Beauty_ConsumerTech, Analytics_PublicHealth",1.0,Positive
REP_2358,DONOR_1092,O,2026-05-21,Coffee Meeting,Virtual catch-up regarding the new Business Analytics fellowship fund. Donor shared their background in healthcare data analytics and wants to sponsor capstone projects focusing on public health resource allocation. Warm interaction overall.,22500,"Analytics_PublicHealth, Scholarships_Fellowships",1.0,Positive
REP_2225,DONOR_1016,O,2026-05-24,Event Reception,Difficult meeting at local cafe. Donor expressed frustration over recent event organization and poor communication regarding past gift allocation. Stated they are putting further contributions on hold until receiving an audit of their endowed scholarship fund.,60000,Scholarships_Fellowships,-1.0,Negative (At Risk)
REP_2209,DONOR_1008,O,2026-05-24,Campus Tour,Coffee meeting to review annual giving options. Donor asked how AI and data science are being integrated into the curriculum. Would consider a major gift if tied directly to undergraduate research assistantships.,36000,Analytics_PublicHealth,1.0,Positive
REP_2423,DONOR_1009,O,2026-05-25,Phone Call,Difficult meeting at local cafe. Donor expressed frustration over recent event organization and poor communication regarding past gift allocation. Stated they are putting further contributions on hold until receiving an audit of their endowed scholarship fund.,50000,Scholarships_Fellowships,-1.0,Negative (At Risk)
REP_2167,DONOR_1036,O,2026-05-25,Event Reception,Brief phone check-in. Constituent was busy and neutral regarding current campaign priorities. Asked to receive updates via email instead of in-person visits until next spring.,5000,Analytics_PublicHealth,-1.0,Negative (At Risk)
REP_2035,DONOR_1043,O,2026-05-26,Event Reception,Coffee meeting to review annual giving options. Donor asked how AI and data science are being integrated into the curriculum. Would consider a major gift if tied directly to undergraduate research assistantships.,30000,Analytics_PublicHealth,1.0,Positive
REP_2005,DONOR_1028,O,2026-05-27,Virtual Call,"Met over lunch to discuss student entrepreneurship initiatives. The donor expressed strong interest in supporting Lassonde programs, specifically funding pitch competitions for underrepresented founders and black-owned student startups in hair care and consumer tech. Highly enthusiastic about mentoring undergraduate founders.",25000,"Lassonde_Entrepreneurship, Underrepresented_Founders, HairCare_Beauty_ConsumerTech, Analytics_PublicHealth",1.0,Positive
REP_2409,DONOR_1008,O,2026-06-01,In-Person Lunch,Brief phone check-in. Constituent was busy and neutral regarding current campaign priorities. Asked to receive updates via email instead of in-person visits until next spring.,4000,Analytics_PublicHealth,-1.0,Negative (At Risk)
REP_2210,DONOR_1099,O,2026-06-03,In-Person Lunch,Met at alumni event reception. Donor spoke passionately about first-generation student scholarships and leadership development programs. Interested in endowing an annual scholarship for women in STEM.,100000,"Underrepresented_Founders, Scholarships_Fellowships",1.0,Positive
REP_2023,DONOR_1049,O,2026-06-03,Coffee Meeting,Difficult meeting at local cafe. Donor expressed frustration over recent event organization and poor communication regarding past gift allocation. Stated they are putting further contributions on hold until receiving an audit of their endowed scholarship fund.,60000,Scholarships_Fellowships,-1.0,Negative (At Risk)
REP_2463,DONOR_1070,O,2026-06-04,Event Reception,Phone call to discuss endowed giving. Constituent wants to ensure funding directly benefits diverse student entrepreneurs and underrepresented founders entering local startup accelerators.,30000,"Lassonde_Entrepreneurship, Underrepresented_Founders",0.0,Neutral
REP_2289,DONOR_1014,O,2026-06-04,Event Reception,"Met over lunch to discuss student entrepreneurship initiatives. The donor expressed strong interest in supporting Lassonde programs, specifically funding pitch competitions for underrepresented founders and black-owned student startups in hair care and consumer tech. Highly enthusiastic about mentoring undergraduate founders.",25000,"Lassonde_Entrepreneurship, Underrepresented_Founders, HairCare_Beauty_ConsumerTech, Analytics_PublicHealth",1.0,Positive
REP_2344,DONOR_1036,O,2026-06-04,Phone Call,Brief phone check-in. Constituent was busy and neutral regarding current campaign priorities. Asked to receive updates via email instead of in-person visits until next spring.,6000,Analytics_PublicHealth,-1.0,Negative (At Risk)
REP_2165,DONOR_1049,O,2026-06-06,Event Reception,Virtual catch-up regarding the new Business Analytics fellowship fund. Donor shared their background in healthcare data analytics and wants to sponsor capstone projects focusing on public health resource allocation. Warm interaction overall.,12000,"Analytics_PublicHealth, Scholarships_Fellowships",1.0,Positive
REP_2150,DONOR_1055,O,2026-06-11,Virtual Call,"Met over lunch to discuss student entrepreneurship initiatives. The donor expressed strong interest in supporting Lassonde programs, specifically funding pitch competitions for underrepresented founders and black-owned student startups in hair care and consumer tech. Highly enthusiastic about mentoring undergraduate founders.",20000,"Lassonde_Entrepreneurship, Underrepresented_Founders, HairCare_Beauty_ConsumerTech, Analytics_PublicHealth",1.0,Positive
REP_2008,DONOR_1045,O,2026-06-11,Virtual Call,"Met over lunch to discuss student entrepreneurship initiatives. The donor expressed strong interest in supporting Lassonde programs, specifically funding pitch competitions for underrepresented founders and black-owned student startups in hair care and consumer tech. Highly enthusiastic about mentoring undergraduate founders.",37500,"Lassonde_Entrepreneurship, Underrepresented_Founders, HairCare_Beauty_ConsumerTech, Analytics_PublicHealth",1.0,Positive
REP_2311,DONOR_1049,O,2026-06-12,Campus Tour,Brief phone check-in. Constituent was busy and neutral regarding current campaign priorities. Asked to receive updates via email instead of in-person visits until next spring.,6000,Analytics_PublicHealth,-1.0,Negative (At Risk)
REP_2278,DONOR_1020,O,2026-06-12,Campus Tour,Met at alumni event reception. Donor spoke passionately about first-generation student scholarships and leadership development programs. Interested in endowing an annual scholarship for women in STEM.,80000,"Underrepresented_Founders, Scholarships_Fellowships",1.0,Positive
REP_2188,DONOR_1001,O,2026-06-13,Phone Call,Brief phone check-in. Constituent was busy and neutral regarding current campaign priorities. Asked to receive updates via email instead of in-person visits until next spring.,6000,Analytics_PublicHealth,-1.0,Negative (At Risk)
REP_2189,DONOR_1099,O,2026-06-14,Virtual Call,Coffee meeting to review annual giving options. Donor asked how AI and data science are being integrated into the curriculum. Would consider a major gift if tied directly to undergraduate research assistantships.,30000,Analytics_PublicHealth,1.0,Positive
REP_2218,DONOR_1010,O,2026-06-15,Campus Tour,Toured the campus innovation hub. Donor was impressed by student prototype displays. Expressed interest in creating a seed grant pool for student-led startups in sustainable beauty and wellness products. Requested a formal proposal for $50k.,50000,"Lassonde_Entrepreneurship, HairCare_Beauty_ConsumerTech, Analytics_PublicHealth",1.0,Positive
REP_2199,DONOR_1003,O,2026-06-17,Campus Tour,Toured the campus innovation hub. Donor was impressed by student prototype displays. Expressed interest in creating a seed grant pool for student-led startups in sustainable beauty and wellness products. Requested a formal proposal for $50k.,75000,"Lassonde_Entrepreneurship, HairCare_Beauty_ConsumerTech, Analytics_PublicHealth",1.0,Positive
REP_2181,DONOR_1022,O,2026-06-17,Coffee Meeting,Virtual call to discuss renewal. Donor cited economic uncertainty and expressed hesitation to commit to a multi-year pledge this fiscal year. Unhappy with lack of personal updates from the college dean.,15000,Analytics_PublicHealth,-1.0,Negative (At Risk)
REP_2497,DONOR_1076,O,2026-06-18,Coffee Meeting,Virtual call to discuss renewal. Donor cited economic uncertainty and expressed hesitation to commit to a multi-year pledge this fiscal year. Unhappy with lack of personal updates from the college dean.,12000,Analytics_PublicHealth,-1.0,Negative (At Risk)
REP_2058,DONOR_1069,O,2026-06-19,Phone Call,Difficult meeting at local cafe. Donor expressed frustration over recent event organization and poor communication regarding past gift allocation. Stated they are putting further contributions on hold until receiving an audit of their endowed scholarship fund.,40000,Scholarships_Fellowships,-1.0,Negative (At Risk)
REP_2092,DONOR_1096,O,2026-06-20,Phone Call,Difficult meeting at local cafe. Donor expressed frustration over recent event organization and poor communication regarding past gift allocation. Stated they are putting further contributions on hold until receiving an audit of their endowed scholarship fund.,75000,Scholarships_Fellowships,-1.0,Negative (At Risk)
REP_2493,DONOR_1050,O,2026-06-21,Campus Tour,Brief phone check-in. Constituent was busy and neutral regarding current campaign priorities. Asked to receive updates via email instead of in-person visits until next spring.,7500,Analytics_PublicHealth,-1.0,Negative (At Risk)
REP_2329,DONOR_1080,O,2026-06-22,Event Reception,Toured the campus innovation hub. Donor was impressed by student prototype displays. Expressed interest in creating a seed grant pool for student-led startups in sustainable beauty and wellness products. Requested a formal proposal for $50k.,50000,"Lassonde_Entrepreneurship, HairCare_Beauty_ConsumerTech, Analytics_PublicHealth",1.0,Positive
REP_2215,DONOR_1057,O,2026-06-22,In-Person Lunch,Difficult meeting at local cafe. Donor expressed frustration over recent event organization and poor communication regarding past gift allocation. Stated they are putting further contributions on hold until receiving an audit of their endowed scholarship fund.,60000,Scholarships_Fellowships,-1.0,Negative (At Risk)
REP_2408,DONOR_1004,O,2026-06-22,In-Person Lunch,Coffee meeting to review annual giving options. Donor asked how AI and data science are being integrated into the curriculum. Would consider a major gift if tied directly to undergraduate research assistantships.,30000,Analytics_PublicHealth,1.0,Positive
REP_2119,DONOR_1022,O,2026-06-23,Event Reception,Brief phone check-in. Constituent was busy and neutral regarding current campaign priorities. Asked to receive updates via email instead of in-person visits until next spring.,7500,Analytics_PublicHealth,-1.0,Negative (At Risk)
REP_2438,DONOR_1047,O,2026-06-25,Phone Call,Virtual call to discuss renewal. Donor cited economic uncertainty and expressed hesitation to commit to a multi-year pledge this fiscal year. Unhappy with lack of personal updates from the college dean.,22500,Analytics_PublicHealth,-1.0,Negative (At Risk)
REP_2246,DONOR_1041,O,2026-06-25,Coffee Meeting,Phone call to discuss endowed giving. Constituent wants to ensure funding directly benefits diverse student entrepreneurs and underrepresented founders entering local startup accelerators.,16000,"Lassonde_Entrepreneurship, Underrepresented_Founders",0.0,Neutral
REP_2272,DONOR_1084,O,2026-06-25,Campus Tour,Virtual call to discuss renewal. Donor cited economic uncertainty and expressed hesitation to commit to a multi-year pledge this fiscal year. Unhappy with lack of personal updates from the college dean.,22500,Analytics_PublicHealth,-1.0,Negative (At Risk)
REP_2235,DONOR_1019,O,2026-06-25,In-Person Lunch,Toured the campus innovation hub. Donor was impressed by student prototype displays. Expressed interest in creating a seed grant pool for student-led startups in sustainable beauty and wellness products. Requested a formal proposal for $50k.,60000,"Lassonde_Entrepreneurship, HairCare_Beauty_ConsumerTech, Analytics_PublicHealth",1.0,Positive
REP_2442,DONOR_1030,O,2026-06-27,Event Reception,Met at alumni event reception. Donor spoke passionately about first-generation student scholarships and leadership development programs. Interested in endowing an annual scholarship for women in STEM.,120000,"Underrepresented_Founders, Scholarships_Fellowships",1.0,Positive
REP_2068,DONOR_1045,O,2026-06-28,Phone Call,Virtual catch-up regarding the new Business Analytics fellowship fund. Donor shared their background in healthcare data analytics and wants to sponsor capstone projects focusing on public health resource allocation. Warm interaction overall.,15000,"Analytics_PublicHealth, Scholarships_Fellowships",1.0,Positive
REP_2104,DONOR_1059,O,2026-06-30,Event Reception,"Met over lunch to discuss student entrepreneurship initiatives. The donor expressed strong interest in supporting Lassonde programs, specifically funding pitch competitions for underrepresented founders and black-owned student startups in hair care and consumer tech. Highly enthusiastic about mentoring undergraduate founders.",37500,"Lassonde_Entrepreneurship, Underrepresented_Founders, HairCare_Beauty_ConsumerTech, Analytics_PublicHealth",1.0,Positive
REP_2492,DONOR_1029,O,2026-07-07,Campus Tour,Virtual catch-up regarding the new Business Analytics fellowship fund. Donor shared their background in healthcare data analytics and wants to sponsor capstone projects focusing on public health resource allocation. Warm interaction overall.,22500,"Analytics_PublicHealth, Scholarships_Fellowships",1.0,Positive
REP_2296,DONOR_1089,O,2026-07-09,Campus Tour,Virtual catch-up regarding the new Business Analytics fellowship fund. Donor shared their background in healthcare data analytics and wants to sponsor capstone projects focusing on public health resource allocation. Warm interaction overall.,12000,"Analytics_PublicHealth, Scholarships_Fellowships",1.0,Positive
REP_2036,DONOR_1000,O,2026-07-09,In-Person Lunch,Coffee meeting to review annual giving options. Donor asked how AI and data science are being integrated into the curriculum. Would consider a major gift if tied directly to undergraduate research assistantships.,24000,Analytics_PublicHealth,1.0,Positive
REP_2263,DONOR_1086,O,2026-07-09,Phone Call,Phone call to discuss endowed giving. Constituent wants to ensure funding directly benefits diverse student entrepreneurs and underrepresented founders entering local startup accelerators.,16000,"Lassonde_Entrepreneurship, Underrepresented_Founders",0.0,Neutral
REP_2232,DONOR_1008,O,2026-07-11,In-Person Lunch,Toured the campus innovation hub. Donor was impressed by student prototype displays. Expressed interest in creating a seed grant pool for student-led startups in sustainable beauty and wellness products. Requested a formal proposal for $50k.,50000,"Lassonde_Entrepreneurship, HairCare_Beauty_ConsumerTech, Analytics_PublicHealth",1.0,Positive
REP_2328,DONOR_1032,O,2026-07-13,Event Reception,Met at alumni event reception. Donor spoke passionately about first-generation student scholarships and leadership development programs. Interested in endowing an annual scholarship for women in STEM.,100000,"Underrepresented_Founders, Scholarships_Fellowships",1.0,Positive
REP_2153,DONOR_1023,O,2026-07-13,Coffee Meeting,Toured the campus innovation hub. Donor was impressed by student prototype displays. Expressed interest in creating a seed grant pool for student-led startups in sustainable beauty and wellness products. Requested a formal proposal for $50k.,75000,"Lassonde_Entrepreneurship, HairCare_Beauty_ConsumerTech, Analytics_PublicHealth",1.0,Positive
REP_2118,DONOR_1055,O,2026-07-13,Coffee Meeting,Virtual catch-up regarding the new Business Analytics fellowship fund. Donor shared their background in healthcare data analytics and wants to sponsor capstone projects focusing on public health resource allocation. Warm interaction overall.,22500,"Analytics_PublicHealth, Scholarships_Fellowships",1.0,Positive
REP_2094,DONOR_1033,O,2026-07-15,Virtual Call,Difficult meeting at local cafe. Donor expressed frustration over recent event organization and poor communication regarding past gift allocation. Stated they are putting further contributions on hold until receiving an audit of their endowed scholarship fund.,75000,Scholarships_Fellowships,-1.0,Negative (At Risk)
REP_2390,DONOR_1088,O,2026-07-17,Virtual Call,Phone call to discuss endowed giving. Constituent wants to ensure funding directly benefits diverse student entrepreneurs and underrepresented founders entering local startup accelerators.,20000,"Lassonde_Entrepreneurship, Underrepresented_Founders",0.0,Neutral
REP_2027,DONOR_1080,O,2026-07-17,Event Reception,Virtual call to discuss renewal. Donor cited economic uncertainty and expressed hesitation to commit to a multi-year pledge this fiscal year. Unhappy with lack of personal updates from the college dean.,15000,Analytics_PublicHealth,-1.0,Negative (At Risk)
REP_2288,DONOR_1030,O,2026-07-17,Event Reception,Brief phone check-in. Constituent was busy and neutral regarding current campaign priorities. Asked to receive updates via email instead of in-person visits until next spring.,4000,Analytics_PublicHealth,-1.0,Negative (At Risk)
REP_2402,DONOR_1098,O,2026-07-19,Phone Call,"Met to discuss campus capital updates. Donor feels slightly disconnected from the university's recent strategic direction. Not interested in general annual fund, but might consider targeted gifts to student incubators if leadership provides clearer ROI metrics.",12000,"Lassonde_Entrepreneurship, Capital_Facilities",0.33,Positive
REP_2380,DONOR_1036,O,2026-07-19,Event Reception,Difficult meeting at local cafe. Donor expressed frustration over recent event organization and poor communication regarding past gift allocation. Stated they are putting further contributions on hold until receiving an audit of their endowed scholarship fund.,75000,Scholarships_Fellowships,-1.0,Negative (At Risk)
REP_2433,DONOR_1097,O,2026-07-20,Phone Call,Brief phone check-in. Constituent was busy and neutral regarding current campaign priorities. Asked to receive updates via email instead of in-person visits until next spring.,7500,Analytics_PublicHealth,-1.0,Negative (At Risk)
REP_2333,DONOR_1063,O,2026-07-20,Virtual Call,Brief phone check-in. Constituent was busy and neutral regarding current campaign priorities. Asked to receive updates via email instead of in-person visits until next spring.,5000,Analytics_PublicHealth,-1.0,Negative (At Risk)
REP_2376,DONOR_1041,O,2026-07-24,In-Person Lunch,Toured the campus innovation hub. Donor was impressed by student prototype displays. Expressed interest in creating a seed grant pool for student-led startups in sustainable beauty and wellness products. Requested a formal proposal for $50k.,50000,"Lassonde_Entrepreneurship, HairCare_Beauty_ConsumerTech, Analytics_PublicHealth",1.0,Positive
REP_2268,DONOR_1016,O,2026-07-24,Phone Call,"Met to discuss campus capital updates. Donor feels slightly disconnected from the university's recent strategic direction. Not interested in general annual fund, but might consider targeted gifts to student incubators if leadership provides clearer ROI metrics.",12000,"Lassonde_Entrepreneurship, Capital_Facilities",0.33,Positive
REP_2382,DONOR_1020,O,2026-07-26,Virtual Call,Virtual catch-up regarding the new Business Analytics fellowship fund. Donor shared their background in healthcare data analytics and wants to sponsor capstone projects focusing on public health resource allocation. Warm interaction overall.,12000,"Analytics_PublicHealth, Scholarships_Fellowships",1.0,Positive
REP_2200,DONOR_1089,O,2026-07-27,Coffee Meeting,Toured the campus innovation hub. Donor was impressed by student prototype displays. Expressed interest in creating a seed grant pool for student-led startups in sustainable beauty and wellness products. Requested a formal proposal for $50k.,50000,"Lassonde_Entrepreneurship, HairCare_Beauty_ConsumerTech, Analytics_PublicHealth",1.0,Positive
REP_2313,DONOR_1050,O,2026-07-28,Virtual Call,Coffee meeting to review annual giving options. Donor asked how AI and data science are being integrated into the curriculum. Would consider a major gift if tied directly to undergraduate research assistantships.,24000,Analytics_PublicHealth,1.0,Positive
REP_2300,DONOR_1045,O,2026-08-03,Virtual Call,Met at alumni event reception. Donor spoke passionately about first-generation student scholarships and leadership development programs. Interested in endowing an annual scholarship for women in STEM.,80000,"Underrepresented_Founders, Scholarships_Fellowships",1.0,Positive
REP_2266,DONOR_1044,O,2026-08-03,Phone Call,"Met to discuss campus capital updates. Donor feels slightly disconnected from the university's recent strategic direction. Not interested in general annual fund, but might consider targeted gifts to student incubators if leadership provides clearer ROI metrics.",10000,"Lassonde_Entrepreneurship, Capital_Facilities",0.33,Positive
REP_2481,DONOR_1013,O,2026-08-05,Phone Call,Phone call to discuss endowed giving. Constituent wants to ensure funding directly benefits diverse student entrepreneurs and underrepresented founders entering local startup accelerators.,20000,"Lassonde_Entrepreneurship, Underrepresented_Founders",0.0,Neutral
REP_2305,DONOR_1010,O,2026-08-08,Virtual Call,Met at alumni event reception. Donor spoke passionately about first-generation student scholarships and leadership development programs. Interested in endowing an annual scholarship for women in STEM.,150000,"Underrepresented_Founders, Scholarships_Fellowships",1.0,Positive
REP_2413,DONOR_1038,O,2026-08-08,Event Reception,Coffee meeting to review annual giving options. Donor asked how AI and data science are being integrated into the curriculum. Would consider a major gift if tied directly to undergraduate research assistantships.,45000,Analytics_PublicHealth,1.0,Positive
REP_2079,DONOR_1079,O,2026-08-11,In-Person Lunch,Met at alumni event reception. Donor spoke passionately about first-generation student scholarships and leadership development programs. Interested in endowing an annual scholarship for women in STEM.,120000,"Underrepresented_Founders, Scholarships_Fellowships",1.0,Positive
REP_2059,DONOR_1085,O,2026-08-11,In-Person Lunch,Virtual catch-up regarding the new Business Analytics fellowship fund. Donor shared their background in healthcare data analytics and wants to sponsor capstone projects focusing on public health resource allocation. Warm interaction overall.,18000,"Analytics_PublicHealth, Scholarships_Fellowships",1.0,Positive
REP_2081,DONOR_1024,O,2026-08-12,Coffee Meeting,Virtual catch-up regarding the new Business Analytics fellowship fund. Donor shared their background in healthcare data analytics and wants to sponsor capstone projects focusing on public health resource allocation. Warm interaction overall.,18000,"Analytics_PublicHealth, Scholarships_Fellowships",1.0,Positive
REP_2103,DONOR_1049,O,2026-08-16,Phone Call,"Met to discuss campus capital updates. Donor feels slightly disconnected from the university's recent strategic direction. Not interested in general annual fund, but might consider targeted gifts to student incubators if leadership provides clearer ROI metrics.",10000,"Lassonde_Entrepreneurship, Capital_Facilities",0.33,Positive
REP_2372,DONOR_1031,O,2026-08-17,Event Reception,Coffee meeting to review annual giving options. Donor asked how AI and data science are being integrated into the curriculum. Would consider a major gift if tied directly to undergraduate research assistantships.,30000,Analytics_PublicHealth,1.0,Positive
REP_2197,DONOR_1058,O,2026-08-20,Phone Call,Met at alumni event reception. Donor spoke passionately about first-generation student scholarships and leadership development programs. Interested in endowing an annual scholarship for women in STEM.,150000,"Underrepresented_Founders, Scholarships_Fellowships",1.0,Positive
REP_2499,DONOR_1078,O,2026-08-20,Campus Tour,Phone call to discuss endowed giving. Constituent wants to ensure funding directly benefits diverse student entrepreneurs and underrepresented founders entering local startup accelerators.,16000,"Lassonde_Entrepreneurship, Underrepresented_Founders",0.0,Neutral
REP_2151,DONOR_1029,O,2026-08-20,Virtual Call,Virtual call to discuss renewal. Donor cited economic uncertainty and expressed hesitation to commit to a multi-year pledge this fiscal year. Unhappy with lack of personal updates from the college dean.,12000,Analytics_PublicHealth,-1.0,Negative (At Risk)
REP_2422,DONOR_1034,O,2026-08-21,Event Reception,Virtual call to discuss renewal. Donor cited economic uncertainty and expressed hesitation to commit to a multi-year pledge this fiscal year. Unhappy with lack of personal updates from the college dean.,12000,Analytics_PublicHealth,-1.0,Negative (At Risk)
REP_2041,DONOR_1093,O,2026-08-21,Phone Call,Toured the campus innovation hub. Donor was impressed by student prototype displays. Expressed interest in creating a seed grant pool for student-led startups in sustainable beauty and wellness products. Requested a formal proposal for $50k.,40000,"Lassonde_Entrepreneurship, HairCare_Beauty_ConsumerTech, Analytics_PublicHealth",1.0,Positive
REP_2051,DONOR_1008,O,2026-08-23,Campus Tour,"Met to discuss campus capital updates. Donor feels slightly disconnected from the university's recent strategic direction. Not interested in general annual fund, but might consider targeted gifts to student incubators if leadership provides clearer ROI metrics.",8000,"Lassonde_Entrepreneurship, Capital_Facilities",0.33,Positive
REP_2452,DONOR_1072,O,2026-08-25,Event Reception,Phone call to discuss endowed giving. Constituent wants to ensure funding directly benefits diverse student entrepreneurs and underrepresented founders entering local startup accelerators.,30000,"Lassonde_Entrepreneurship, Underrepresented_Founders",0.0,Neutral
REP_2490,DONOR_1043,O,2026-08-25,Campus Tour,Coffee meeting to review annual giving options. Donor asked how AI and data science are being integrated into the curriculum. Would consider a major gift if tied directly to undergraduate research assistantships.,30000,Analytics_PublicHealth,1.0,Positive
REP_2190,DONOR_1079,O,2026-08-26,Phone Call,Virtual catch-up regarding the new Business Analytics fellowship fund. Donor shared their background in healthcare data analytics and wants to sponsor capstone projects focusing on public health resource allocation. Warm interaction overall.,12000,"Analytics_PublicHealth, Scholarships_Fellowships",1.0,Positive
REP_2238,DONOR_1014,O,2026-08-26,Phone Call,Virtual call to discuss renewal. Donor cited economic uncertainty and expressed hesitation to commit to a multi-year pledge this fiscal year. Unhappy with lack of personal updates from the college dean.,22500,Analytics_PublicHealth,-1.0,Negative (At Risk)
REP_2022,DONOR_1080,O,2026-08-28,Coffee Meeting,Virtual call to discuss renewal. Donor cited economic uncertainty and expressed hesitation to commit to a multi-year pledge this fiscal year. Unhappy with lack of personal updates from the college dean.,12000,Analytics_PublicHealth,-1.0,Negative (At Risk)
REP_2024,DONOR_1070,O,2026-08-28,Phone Call,Toured the campus innovation hub. Donor was impressed by student prototype displays. Expressed interest in creating a seed grant pool for student-led startups in sustainable beauty and wellness products. Requested a formal proposal for $50k.,60000,"Lassonde_Entrepreneurship, HairCare_Beauty_ConsumerTech, Analytics_PublicHealth",1.0,Positive
REP_2253,DONOR_1096,O,2026-08-29,Event Reception,Virtual call to discuss renewal. Donor cited economic uncertainty and expressed hesitation to commit to a multi-year pledge this fiscal year. Unhappy with lack of personal updates from the college dean.,18000,Analytics_PublicHealth,-1.0,Negative (At Risk)
REP_2475,DONOR_1075,O,2026-08-30,Event Reception,"Met over lunch to discuss student entrepreneurship initiatives. The donor expressed strong interest in supporting Lassonde programs, specifically funding pitch competitions for underrepresented founders and black-owned student startups in hair care and consumer tech. Highly enthusiastic about mentoring undergraduate founders.",37500,"Lassonde_Entrepreneurship, Underrepresented_Founders, HairCare_Beauty_ConsumerTech, Analytics_PublicHealth",1.0,Positive
REP_2465,DONOR_1073,O,2026-09-02,Coffee Meeting,Virtual catch-up regarding the new Business Analytics fellowship fund. Donor shared their background in healthcare data analytics and wants to sponsor capstone projects focusing on public health resource allocation. Warm interaction overall.,15000,"Analytics_PublicHealth, Scholarships_Fellowships",1.0,Positive
REP_2453,DONOR_1096,O,2026-09-06,Phone Call,Toured the campus innovation hub. Donor was impressed by student prototype displays. Expressed interest in creating a seed grant pool for student-led startups in sustainable beauty and wellness products. Requested a formal proposal for $50k.,60000,"Lassonde_Entrepreneurship, HairCare_Beauty_ConsumerTech, Analytics_PublicHealth",1.0,Positive
REP_2065,DONOR_1014,O,2026-09-08,Campus Tour,Difficult meeting at local cafe. Donor expressed frustration over recent event organization and poor communication regarding past gift allocation. Stated they are putting further contributions on hold until receiving an audit of their endowed scholarship fund.,40000,Scholarships_Fellowships,-1.0,Negative (At Risk)
REP_2127,DONOR_1028,O,2026-09-09,Campus Tour,Met at alumni event reception. Donor spoke passionately about first-generation student scholarships and leadership development programs. Interested in endowing an annual scholarship for women in STEM.,120000,"Underrepresented_Founders, Scholarships_Fellowships",1.0,Positive
REP_2388,DONOR_1033,O,2026-09-10,Campus Tour,"Met over lunch to discuss student entrepreneurship initiatives. The donor expressed strong interest in supporting Lassonde programs, specifically funding pitch competitions for underrepresented founders and black-owned student startups in hair care and consumer tech. Highly enthusiastic about mentoring undergraduate founders.",20000,"Lassonde_Entrepreneurship, Underrepresented_Founders, HairCare_Beauty_ConsumerTech, Analytics_PublicHealth",1.0,Positive
REP_2155,DONOR_1042,O,2026-09-11,Coffee Meeting,Met at alumni event reception. Donor spoke passionately about first-generation student scholarships and leadership development programs. Interested in endowing an annual scholarship for women in STEM.,150000,"Underrepresented_Founders, Scholarships_Fellowships",1.0,Positive
REP_2444,DONOR_1072,O,2026-09-14,Campus Tour,Met at alumni event reception. Donor spoke passionately about first-generation student scholarships and leadership development programs. Interested in endowing an annual scholarship for women in STEM.,80000,"Underrepresented_Founders, Scholarships_Fellowships",1.0,Positive
REP_2134,DONOR_1006,O,2026-09-15,Campus Tour,Brief phone check-in. Constituent was busy and neutral regarding current campaign priorities. Asked to receive updates via email instead of in-person visits until next spring.,4000,Analytics_PublicHealth,-1.0,Negative (At Risk)
